100.99,1499807577,-81
100.99,1499807582,-81
100.99,1499807586,-80
100.99,1499807591,-81
100.99,1499807595,-80
100.99,1499807600,-80
100.99,1499807604,-80
100.99,1499807615,-80
100.99,1499807620,-80
100.99,1499807624,-80
100.99,1499807629,-80
100.99,1499807634,-80
100.99,1499807638,-80
100.10,1499807889,-102
100.10,1499808545,-101
100.10,1499809202,-104
100.10,1499809859,-101
100.10,1499810516,-103
100.10,1499811173,-102
100.10,1499811830,-103
100.10,1499812487,-103
100.10,1499813144,-103
100.10,1499813802,-102
100.10,1499814459,-101
100.10,1499815116,-101
100.10,1499815773,-102
100.99,1499816148,-54
100.99,1499816155,-54
100.99,1499816160,-55
100.99,1499816164,-55
100.99,1499816169,-54
100.99,1499816173,-55
100.99,1499816178,-55
100.99,1499816183,-55
100.99,1499816187,-55
100.99,1499816192,-55
100.99,1499816196,-56
100.99,1499816201,-55
100.10,1499816429,-103
100.10,1499817086,-103
100.10,1499817743,-101
100.10,1499818400,-103
100.10,1499819057,-103
100.10,1499819714,-102
100.10,1499820370,-102
100.10,1499821026,-103
100.10,1499821683,-103
100.10,1499822339,-102
100.10,1499824308,-107
100.10,1499824964,-105
100.10,1499827589,-107
100.10,1499828245,-106
100.10,1499828900,-106
100.10,1499832176,-105
100.10,1499834795,-104
100.10,1499836104,-106
100.10,1499836758,-105
100.10,1499837412,-104
100.10,1499838720,-105
100.10,1499840681,-107
100.10,1499841335,-105
100.10,1499841988,-107
100.10,1499843295,-104
100.10,1499843949,-109
100.10,1499845255,-106
100.10,1499845908,-107
100.10,1499846561,-107
100.10,1499849173,-107
100.10,1499850478,-106
100.10,1499851131,-104
100.10,1499853742,-105
100.10,1499858309,-108
100.10,1499858961,-107
100.10,1499859613,-106
100.10,1499865482,-108
100.10,1499868742,-106
100.10,1499872007,-105
100.10,1499873967,-107
100.10,1499878554,-104
100.10,1499881171,-104
100.10,1499881825,-105
100.10,1499882480,-107
100.10,1499883134,-104
100.10,1499883789,-106
100.10,1499886411,-106
100.10,1499887066,-109
100.10,1499887722,-106
100.10,1499913386,-101
100.10,1499913473,-102
100.10,1499914103,-100
100.10,1499914732,-102
100.10,1499915362,-102
100.10,1499915992,-103
100.10,1499916622,-103
100.10,1499917251,-103
100.10,1499917881,-103
100.10,1499918511,-103
100.10,1499919141,-103
100.10,1499919770,-102
100.10,1499920400,-101
100.10,1499921029,-101
100.10,1499921658,-103
100.10,1499922287,-102
100.10,1499922915,-103
100.10,1499923544,-101
100.10,1499924172,-102
100.10,1499924801,-103
100.10,1499925430,-103
100.10,1499926059,-103
100.10,1499926688,-103
100.10,1499927316,-102
100.10,1499927316,-103
100.10,1499927945,-102
100.10,1499928574,-102
100.10,1499929202,-103
100.10,1499929831,-102
100.10,1499930460,-102
100.10,1499931088,-101
100.10,1499931717,-103
100.10,1499932345,-103
100.10,1499932974,-103
100.10,1499933602,-103
100.10,1499934230,-102
100.10,1499934858,-101
100.10,1499934859,-101
100.10,1499935487,-102
100.10,1499936115,-102
100.10,1499936743,-103
100.10,1499937371,-103
100.10,1499937999,-101
100.10,1499938627,-103
100.10,1499939255,-101
100.10,1499939883,-102
100.10,1499940510,-102
100.10,1499941138,-102
100.10,1499941766,-103
100.10,1499942393,-102
100.10,1499943021,-102
100.10,1499943648,-103
100.10,1499944275,-102
100.10,1499944903,-103
100.10,1499945530,-103
100.10,1499946157,-102
100.10,1499946785,-103
100.10,1499947412,-103
100.10,1499948039,-103
100.10,1499948667,-102
100.10,1499949294,-103
100.10,1499949921,-102
100.10,1499950549,-102
100.10,1499951176,-103
100.10,1499951804,-103
100.10,1499951804,-103
100.10,1499952431,-103
100.10,1499953059,-103
100.10,1499953687,-101
100.10,1499954315,-102
100.10,1499954943,-102
100.10,1499955571,-103
100.10,1499956199,-103
100.10,1499956828,-103
100.10,1499957457,-104
100.10,1499958086,-102
100.10,1499958715,-103
100.10,1499959344,-102
100.10,1499959974,-102
100.10,1499960604,-103
100.10,1499961233,-102
100.10,1499961863,-103
100.10,1499962493,-101
100.10,1499963124,-103
100.10,1499963755,-102
100.10,1499964386,-103
100.10,1499965018,-102
100.10,1499965649,-102
100.10,1499966282,-102
100.10,1499966914,-104
100.10,1499967547,-103
100.10,1499968179,-104
100.10,1499968813,-103
100.10,1499969446,-102
100.10,1499970079,-103
100.10,1499970712,-102
100.10,1499971345,-102
100.10,1499971979,-102
100.10,1499972613,-103
100.10,1499973247,-102
100.10,1499973881,-104
100.10,1499974515,-104
100.10,1499975149,-101
100.10,1499975784,-103
100.10,1499976418,-102
100.10,1499977052,-102
100.10,1499977686,-103
100.10,1499978321,-104
100.10,1499978955,-103
100.10,1499979590,-103
100.10,1499980225,-102
100.10,1499980859,-102
100.10,1499981494,-102
100.10,1499982129,-103
100.10,1499982764,-102
100.10,1499983399,-102
100.10,1499984034,-103
100.10,1499984669,-103
100.10,1499985304,-102
100.10,1499985939,-102
100.10,1499986575,-101
100.10,1499986712,-102
100.10,1499986763,-103
100.10,1499987397,-103
100.10,1499988031,-101
100.10,1499988664,-103
100.10,1499989298,-103
100.10,1499989931,-101
100.10,1499990565,-102
100.10,1499991198,-101
100.10,1499991832,-102
100.10,1499992465,-101
100.10,1499993098,-103
100.10,1499993732,-100
100.10,1499994365,-101
100.10,1499994998,-103
100.10,1499995631,-101
100.10,1499996264,-101
100.10,1499996897,-103
100.10,1499997530,-102
100.10,1499998163,-102
100.10,1499998795,-101
100.10,1499999428,-102
100.10,1500000060,-101
100.10,1500000693,-102
100.10,1500001325,-101
100.10,1500001957,-102
100.10,1500002590,-102
100.10,1500003222,-102
100.10,1500003854,-101
100.10,1500004486,-101
100.10,1500005118,-102
100.10,1500005750,-102
100.10,1500006382,-102
100.10,1500007014,-102
100.10,1500007645,-101
100.10,1500008276,-102
100.10,1500008908,-101
100.10,1500009539,-102
100.10,1500010170,-102
100.10,1500010801,-102
100.10,1500011431,-103
100.10,1500012062,-101
100.10,1500012692,-102
100.10,1500013323,-101
100.10,1500013953,-103
100.10,1500014583,-103
100.10,1500015213,-101
100.10,1500015842,-102
100.10,1500016472,-102
100.10,1500017101,-102
100.10,1500017730,-101
100.10,1500018359,-101
100.10,1500018988,-101
100.10,1500019617,-103
100.10,1500020245,-102
100.10,1500020874,-101
100.10,1500021502,-102
100.10,1500022131,-102
100.10,1500022759,-102
100.10,1500023387,-102
100.10,1500024015,-101
100.10,1500024643,-100
100.10,1500025271,-103
100.10,1500025899,-102
100.10,1500026527,-101
100.10,1500027155,-101
100.10,1500027783,-101
100.10,1500028411,-101
100.10,1500029039,-102
100.10,1500029667,-101
100.10,1500030295,-102
100.10,1500030923,-101
100.10,1500031551,-101
100.10,1500032179,-102
100.10,1500032806,-103
100.10,1500033434,-103
100.10,1500034062,-102
100.10,1500034690,-102
100.10,1500035318,-103
100.10,1500035946,-102
100.10,1500036574,-102
100.10,1500037202,-101
100.10,1500037830,-100
100.10,1500038458,-102
100.10,1500039086,-101
100.10,1500039714,-102
100.10,1500040343,-102
100.10,1500040971,-101
100.10,1500041600,-102
100.10,1500042228,-101
100.10,1500042857,-102
100.10,1500043486,-102
100.10,1500044115,-103
100.10,1500044745,-101
100.10,1500045375,-102
100.10,1500046004,-102
100.10,1500046634,-102
100.10,1500047265,-101
100.10,1500047895,-101
100.10,1500048526,-102
100.10,1500049157,-102
100.10,1500049788,-102
100.10,1500050419,-102
100.10,1500051051,-101
100.10,1500051683,-102
100.10,1500052315,-101
100.10,1500052948,-101
100.10,1500053581,-102
100.10,1500054213,-101
100.10,1500054846,-102
100.10,1500055480,-101
100.10,1500056113,-101
100.10,1500056747,-102
100.10,1500057380,-104
100.10,1500058014,-103
100.10,1500058648,-103
100.10,1500059282,-104
100.10,1500059916,-101
100.10,1500060550,-101
100.10,1500061184,-101
100.10,1500061818,-101
100.10,1500062453,-102
100.10,1500063087,-102
100.10,1500063721,-103
100.10,1500064355,-102
100.10,1500064989,-102
100.10,1500065624,-102
100.10,1500066257,-102
100.10,1500066892,-101
100.10,1500067526,-102
100.10,1500068161,-102
100.10,1500068796,-101
100.10,1500069431,-102
100.10,1500070066,-103
100.10,1500070702,-101
100.10,1500071336,-101
100.10,1500071971,-103
100.10,1500072606,-103
100.10,1500073241,-101
100.10,1500073876,-102
100.10,1500074512,-103
100.10,1500075147,-102
100.10,1500075782,-103
100.10,1500076417,-100
100.10,1500077053,-102
100.10,1500077687,-102
100.10,1500078320,-102
100.10,1500078953,-102
100.10,1500079586,-101
100.10,1500080219,-102
100.10,1500080853,-102
100.10,1500081486,-102
100.10,1500082119,-102
100.10,1500082751,-101
100.10,1500083383,-101
100.10,1500084014,-101
100.10,1500084645,-102
100.10,1500085276,-101
100.10,1500085906,-101
100.10,1500086536,-103
100.10,1500087166,-103
100.10,1500087795,-103
100.10,1500088425,-103
100.10,1500089055,-102
100.10,1500089685,-103
100.10,1500090315,-102
100.10,1500090945,-103
100.10,1500091575,-102
100.10,1500092205,-101
100.10,1500092835,-102
100.10,1500093464,-102
100.10,1500094094,-101
100.10,1500094724,-103
100.10,1500095353,-102
100.10,1500095983,-101
100.10,1500096613,-101
100.10,1500097242,-102
100.10,1500097871,-102
100.10,1500098501,-103
100.10,1500099130,-102
100.10,1500099759,-101
100.10,1500100388,-102
100.10,1500101017,-102
100.10,1500101646,-101
100.10,1500102275,-102
100.10,1500102905,-102
100.10,1500103534,-102
100.10,1500104163,-103
100.10,1500104792,-101
100.10,1500105421,-102
100.10,1500106050,-102
100.10,1500106679,-102
100.10,1500107308,-101
100.10,1500107937,-102
100.10,1500108565,-101
100.10,1500109194,-101
100.10,1500109823,-103
100.10,1500110452,-102
100.10,1500111080,-101
100.10,1500111709,-101
100.10,1500112337,-101
100.10,1500112966,-103
100.10,1500113595,-102
100.10,1500114223,-102
100.10,1500114852,-102
100.10,1500115480,-102
100.10,1500116109,-102
100.10,1500116737,-102
100.10,1500504911,-102
100.10,1500580138,-103
100.2,1499823182,-58
100.1,1499823199,-102
100.3,1499823215,-80
100.8,1499823419,-85
100.2,1499823805,-60
100.1,1499823833,-101
100.3,1499823851,-80
100.8,1499824064,-84
100.2,1499824428,-58
100.1,1499824467,-100
100.3,1499824486,-80
100.8,1499824708,-85
100.2,1499825051,-59
100.1,1499825101,-100
100.3,1499825122,-80
100.8,1499825352,-85
100.2,1499825673,-60
100.1,1499825735,-100
100.3,1499825757,-80
100.8,1499825996,-84
100.2,1499826296,-59
100.1,1499826368,-101
100.3,1499826393,-81
100.8,1499826639,-84
100.2,1499826918,-59
100.1,1499827002,-101
100.3,1499827028,-80
100.8,1499827283,-85
100.2,1499827541,-59
100.1,1499827635,-101
100.3,1499827664,-80
100.8,1499827926,-84
100.2,1499828163,-59
100.1,1499828268,-101
100.3,1499828299,-80
100.8,1499828569,-85
100.2,1499828786,-59
100.1,1499828901,-102
100.3,1499828934,-80
100.8,1499829211,-84
100.2,1499829408,-60
100.1,1499829534,-102
100.3,1499829569,-80
100.8,1499829854,-84
100.2,1499830030,-58
100.1,1499830167,-101
100.3,1499830204,-80
100.8,1499830495,-84
100.2,1499830651,-59
100.1,1499830800,-102
100.3,1499830839,-80
100.8,1499831137,-84
100.2,1499831273,-59
100.1,1499831432,-101
100.3,1499831473,-80
100.8,1499831777,-84
100.2,1499831894,-59
100.1,1499832064,-102
100.3,1499832108,-80
100.8,1499832418,-85
100.2,1499832514,-59
100.1,1499832697,-101
100.3,1499832742,-80
100.8,1499833058,-84
100.2,1499833134,-59
100.1,1499833329,-101
100.3,1499833376,-80
100.8,1499833698,-84
100.2,1499833754,-59
100.1,1499833961,-102
100.3,1499834010,-80
100.8,1499834338,-84
100.2,1499834374,-59
100.1,1499834593,-101
100.3,1499834644,-80
100.8,1499834978,-84
100.2,1499834994,-58
100.1,1499835225,-102
100.3,1499835277,-80
100.2,1499835614,-59
100.8,1499835617,-85
100.1,1499835857,-101
100.3,1499835911,-80
100.2,1499836234,-60
100.8,1499836257,-84
100.1,1499836488,-101
100.3,1499836544,-80
100.2,1499836853,-58
100.8,1499836896,-85
100.1,1499837120,-101
100.3,1499837178,-80
100.2,1499837472,-58
100.8,1499837534,-84
100.1,1499837751,-102
100.3,1499837811,-80
100.2,1499838091,-59
100.8,1499838173,-84
100.1,1499838383,-102
100.3,1499838444,-80
100.2,1499838710,-60
100.8,1499838811,-84
100.1,1499839014,-103
100.3,1499839077,-80
100.2,1499839328,-59
100.8,1499839448,-84
100.1,1499839646,-101
100.3,1499839711,-80
100.2,1499839947,-59
100.8,1499840086,-84
100.1,1499840277,-102
100.3,1499840344,-80
100.2,1499840565,-59
100.8,1499840723,-85
100.1,1499840908,-103
100.3,1499840977,-80
100.2,1499841183,-59
100.8,1499841360,-84
100.1,1499841539,-102
100.3,1499841609,-80
100.2,1499841801,-60
100.8,1499841997,-84
100.1,1499842170,-101
100.3,1499842242,-80
100.2,1499842419,-59
100.8,1499842634,-84
100.1,1499842801,-101
100.3,1499842875,-80
100.2,1499843037,-59
100.8,1499843271,-83
100.1,1499843432,-102
100.3,1499843508,-80
100.2,1499843655,-59
100.8,1499843908,-83
100.1,1499844063,-101
100.3,1499844140,-80
100.2,1499844272,-58
100.8,1499844545,-84
100.1,1499844694,-102
100.3,1499844773,-80
100.2,1499844890,-59
100.8,1499845181,-84
100.1,1499845325,-101
100.3,1499845405,-80
100.2,1499845507,-59
100.8,1499845818,-84
100.1,1499845956,-101
100.3,1499846038,-80
100.2,1499846125,-60
100.8,1499846454,-84
100.1,1499846586,-102
100.3,1499846670,-80
100.2,1499846742,-59
100.8,1499847090,-84
100.1,1499847217,-102
100.3,1499847302,-80
100.2,1499847359,-59
100.8,1499847727,-84
100.1,1499847847,-100
100.3,1499847935,-81
100.2,1499847976,-59
100.8,1499848363,-85
100.1,1499848478,-102
100.3,1499848567,-80
100.2,1499848594,-58
100.8,1499848999,-84
100.1,1499849109,-101
100.3,1499849199,-80
100.2,1499849211,-58
100.8,1499849636,-83
100.1,1499849739,-102
100.2,1499849828,-60
100.3,1499849832,-80
100.8,1499850272,-83
100.1,1499850370,-101
100.2,1499850445,-59
100.3,1499850464,-80
100.8,1499850908,-85
100.1,1499851000,-101
100.2,1499851061,-59
100.3,1499851096,-80
100.8,1499851544,-85
100.1,1499851630,-103
100.2,1499851678,-60
100.3,1499851728,-81
100.3,1499851728,-81
100.8,1499852181,-85
100.1,1499852261,-101
100.2,1499852295,-59
100.3,1499852360,-80
100.8,1499852817,-85
100.1,1499852891,-100
100.2,1499852912,-59
100.3,1499852992,-80
100.8,1499853453,-85
100.1,1499853522,-101
100.2,1499853529,-59
100.3,1499853624,-80
100.8,1499854089,-84
100.2,1499854146,-60
100.1,1499854152,-101
100.3,1499854256,-80
100.8,1499854725,-85
100.2,1499854762,-60
100.1,1499854782,-101
100.3,1499854888,-80
100.8,1499855361,-85
100.2,1499855379,-60
100.1,1499855412,-100
100.3,1499855520,-80
100.2,1499855995,-60
100.8,1499855997,-85
100.1,1499856043,-101
100.3,1499856152,-81
100.2,1499856612,-59
100.8,1499856632,-85
100.1,1499856673,-101
100.3,1499856784,-81
100.2,1499857228,-59
100.8,1499857268,-85
100.1,1499857303,-100
100.3,1499857416,-81
100.2,1499857845,-60
100.8,1499857904,-85
100.1,1499857933,-102
100.3,1499858048,-81
100.2,1499858461,-60
100.8,1499858540,-85
100.1,1499858563,-102
100.3,1499858679,-81
100.2,1499859078,-59
100.8,1499859175,-85
100.1,1499859193,-101
100.3,1499859311,-81
100.2,1499859694,-59
100.8,1499859811,-85
100.1,1499859823,-102
100.3,1499859943,-81
100.2,1499860310,-60
100.8,1499860446,-85
100.1,1499860453,-101
100.3,1499860574,-81
100.2,1499860926,-59
100.8,1499861081,-85
100.1,1499861083,-101
100.3,1499861206,-81
100.2,1499861543,-60
100.1,1499861713,-100
100.8,1499861717,-85
100.3,1499861837,-80
100.2,1499862159,-59
100.1,1499862342,-100
100.8,1499862352,-85
100.3,1499862469,-81
100.2,1499862775,-59
100.1,1499862972,-101
100.8,1499862988,-85
100.3,1499863100,-82
100.2,1499863391,-61
100.2,1499863391,-60
100.1,1499863602,-99
100.8,1499863623,-85
100.3,1499863732,-81
100.2,1499864007,-60
100.1,1499864232,-101
100.8,1499864258,-85
100.3,1499864363,-82
100.2,1499864623,-59
100.1,1499864861,-101
100.8,1499864894,-85
100.3,1499864995,-81
100.2,1499865239,-61
100.1,1499865491,-101
100.8,1499865529,-85
100.3,1499865626,-81
100.2,1499865855,-60
100.1,1499866121,-100
100.8,1499866165,-85
100.3,1499866257,-81
100.2,1499866471,-59
100.1,1499866751,-101
100.8,1499866800,-85
100.3,1499866889,-81
100.3,1499866889,-81
100.2,1499867088,-59
100.1,1499867381,-100
100.8,1499867435,-85
100.3,1499867520,-81
100.2,1499867704,-59
100.1,1499868011,-99
100.8,1499868071,-85
100.3,1499868152,-81
100.2,1499868320,-59
100.1,1499868641,-100
100.8,1499868707,-85
100.3,1499868783,-81
100.2,1499868937,-61
100.1,1499869271,-101
100.8,1499869342,-85
100.3,1499869415,-81
100.2,1499869553,-60
100.1,1499869901,-101
100.8,1499869978,-84
100.3,1499870046,-81
100.2,1499870171,-59
100.1,1499870532,-101
100.8,1499870614,-85
100.3,1499870678,-81
100.2,1499870789,-60
100.1,1499871163,-100
100.8,1499871251,-85
100.3,1499871310,-81
100.2,1499871407,-59
100.1,1499871795,-100
100.8,1499871888,-85
100.3,1499871943,-81
100.2,1499872026,-59
100.1,1499872427,-100
100.8,1499872525,-84
100.3,1499872575,-81
100.2,1499872645,-59
100.1,1499873058,-101
100.8,1499873162,-85
100.3,1499873208,-81
100.2,1499873264,-59
100.1,1499873690,-101
100.8,1499873799,-85
100.3,1499873840,-81
100.2,1499873883,-60
100.1,1499874323,-101
100.8,1499874437,-85
100.3,1499874473,-81
100.2,1499874503,-59
100.1,1499874955,-101
100.8,1499875076,-85
100.3,1499875106,-81
100.2,1499875124,-59
100.1,1499875589,-101
100.8,1499875715,-85
100.3,1499875740,-81
100.2,1499875745,-59
100.1,1499876223,-103
100.8,1499876354,-84
100.2,1499876367,-59
100.3,1499876374,-81
100.1,1499876857,-101
100.2,1499876989,-59
100.8,1499876994,-85
100.3,1499877008,-81
100.1,1499877491,-100
100.2,1499877611,-59
100.8,1499877634,-84
100.3,1499877642,-80
100.1,1499878125,-102
100.2,1499878233,-59
100.8,1499878273,-84
100.3,1499878276,-80
100.1,1499878758,-102
100.2,1499878853,-59
100.3,1499878910,-80
100.8,1499878911,-85
100.1,1499879390,-100
100.2,1499879473,-59
100.3,1499879544,-81
100.8,1499879550,-84
100.1,1499880022,-102
100.2,1499880092,-59
100.3,1499880177,-80
100.8,1499880188,-85
100.1,1499880654,-102
100.2,1499880712,-59
100.3,1499880810,-80
100.8,1499880826,-84
100.1,1499881286,-102
100.2,1499881331,-59
100.3,1499881444,-81
100.8,1499881464,-85
100.1,1499881918,-101
100.2,1499881951,-59
100.3,1499882077,-81
100.8,1499882103,-84
100.1,1499882551,-101
100.2,1499882570,-59
100.3,1499882711,-81
100.8,1499882742,-84
100.1,1499883183,-101
100.2,1499883191,-59
100.3,1499883344,-80
100.8,1499883381,-85
100.2,1499883811,-59
100.1,1499883816,-102
100.3,1499883978,-80
100.8,1499884020,-84
100.2,1499884432,-59
100.1,1499884449,-101
100.3,1499884612,-80
100.8,1499884660,-85
100.2,1499885052,-59
100.1,1499885082,-101
100.3,1499885246,-81
100.8,1499885300,-85
100.2,1499885673,-58
100.1,1499885716,-101
100.3,1499885880,-80
100.8,1499885941,-84
100.2,1499886295,-60
100.1,1499886350,-101
100.3,1499886514,-80
100.8,1499886581,-84
100.2,1499886917,-59
100.1,1499886984,-102
100.3,1499887149,-80
100.8,1499887222,-85
100.2,1499887538,-59
100.1,1499887617,-101
100.3,1499887783,-80
100.8,1499887862,-84
100.2,1499888159,-59
100.1,1499888250,-102
100.3,1499888417,-80
100.8,1499888501,-84
100.2,1499888778,-59
100.1,1499888882,-100
100.3,1499889050,-80
100.8,1499889139,-84
100.2,1499889397,-59
100.1,1499889514,-101
100.3,1499889684,-81
100.8,1499889777,-85
100.2,1499890015,-59
100.1,1499890146,-101
100.3,1499890317,-81
100.8,1499890414,-84
100.2,1499890634,-60
100.1,1499890777,-101
100.3,1499890820,-80
100.1,1499892766,-100
100.2,1499893400,-75
100.7,1499894507,-97
100.7,1499895138,-97
100.7,1499895769,-98
100.7,1499896399,-98
100.7,1499897030,-98
100.7,1499897661,-98
100.7,1499898292,-97
100.8,1499898329,-85
100.8,1499898496,-85
100.7,1499898924,-97
100.8,1499899134,-85
100.7,1499899556,-97
100.8,1499899772,-85
100.7,1499900188,-97
100.8,1499900410,-85
100.7,1499900820,-98
100.8,1499901048,-85
100.7,1499901453,-97
100.8,1499901686,-85
100.7,1499902086,-97
100.8,1499902325,-85
100.7,1499902719,-97
100.8,1499902964,-85
100.7,1499903354,-97
100.8,1499903604,-85
100.7,1499903988,-97
100.8,1499904243,-84
100.7,1499904623,-97
100.8,1499904883,-85
100.7,1499905257,-97
100.8,1499905522,-85
100.1,1499905861,-86
100.7,1499905891,-97
100.8,1499906161,-85
100.1,1499906472,-86
100.7,1499906525,-96
100.8,1499906801,-85
100.1,1499907084,-85
100.7,1499907160,-96
100.2,1499907203,-72
100.2,1499907326,-72
100.8,1499907441,-85
100.1,1499907695,-86
100.7,1499907795,-97
100.2,1499907922,-71
100.8,1499908081,-85
100.1,1499908307,-86
100.3,1499908367,-83
100.3,1499908429,-82
100.3,1499908429,-82
100.7,1499908430,-97
100.3,1499908497,-83
100.2,1499908519,-71
100.8,1499908722,-85
100.1,1499908918,-86
100.7,1499909065,-97
100.3,1499909108,-83
100.2,1499909115,-71
100.8,1499909362,-84
100.1,1499909529,-85
100.7,1499909699,-96
100.2,1499909710,-71
100.3,1499909719,-83
100.8,1499910001,-85
100.1,1499910140,-85
100.2,1499910306,-72
100.3,1499910330,-83
100.7,1499910333,-97
100.8,1499910641,-85
100.1,1499910751,-85
100.2,1499910901,-71
100.3,1499910941,-83
100.7,1499910967,-97
100.8,1499911280,-85
100.1,1499911362,-85
100.2,1499911496,-70
100.3,1499911552,-83
100.7,1499911600,-97
100.8,1499911920,-85
100.1,1499911973,-85
100.2,1499912091,-70
100.3,1499912163,-83
100.7,1499912234,-98
100.8,1499912559,-85
100.1,1499912583,-85
100.2,1499912686,-71
100.3,1499912773,-83
100.7,1499912867,-96
100.7,1499913060,-97
100.1,1499913193,-85
100.8,1499913197,-85
100.2,1499913280,-71
100.3,1499913383,-83
100.7,1499913667,-97
100.1,1499913803,-86
100.8,1499913849,-84
100.2,1499913874,-71
100.7,1499914274,-97
100.1,1499914413,-85
100.8,1499914461,-84
100.2,1499914468,-72
100.3,1499914604,-83
100.7,1499914881,-97
100.1,1499915023,-86
100.2,1499915062,-71
100.8,1499915073,-85
100.3,1499915214,-83
100.7,1499915488,-96
100.1,1499915633,-86
100.2,1499915656,-70
100.8,1499915686,-85
100.3,1499915824,-83
100.7,1499916096,-96
100.1,1499916243,-86
100.2,1499916251,-71
100.8,1499916299,-84
100.3,1499916435,-83
100.7,1499916705,-97
100.2,1499916846,-71
100.1,1499916853,-86
100.8,1499916912,-85
100.3,1499917045,-83
100.7,1499917312,-97
100.2,1499917440,-71
100.1,1499917463,-86
100.8,1499917525,-84
100.3,1499917655,-83
100.7,1499917920,-97
100.2,1499918034,-71
100.1,1499918073,-86
100.1,1499918073,-85
100.8,1499918137,-85
100.3,1499918266,-82
100.7,1499918528,-97
100.2,1499918628,-70
100.1,1499918683,-86
100.8,1499918750,-84
100.3,1499918876,-83
100.7,1499919135,-96
100.2,1499919222,-71
100.1,1499919293,-85
100.8,1499919362,-85
100.3,1499919486,-83
100.7,1499919742,-97
100.2,1499919815,-71
100.1,1499919903,-86
100.8,1499919974,-85
100.8,1499919974,-85
100.3,1499920096,-82
100.7,1499920349,-97
100.2,1499920409,-71
100.1,1499920512,-85
100.8,1499920586,-85
100.3,1499920706,-83
100.7,1499920956,-97
100.2,1499921002,-71
100.1,1499921122,-86
100.8,1499921197,-85
100.3,1499921316,-83
100.7,1499921562,-97
100.2,1499921595,-71
100.1,1499921731,-85
100.8,1499921809,-85
100.3,1499921926,-83
100.7,1499922168,-97
100.2,1499922188,-70
100.1,1499922340,-85
100.8,1499922420,-85
100.3,1499922535,-83
100.7,1499922774,-97
100.2,1499922781,-70
100.1,1499922948,-85
100.8,1499923031,-85
100.3,1499923144,-83
100.2,1499923373,-71
100.7,1499923380,-96
100.1,1499923557,-86
100.8,1499923642,-85
100.3,1499923754,-83
100.2,1499923965,-71
100.7,1499923986,-97
100.1,1499924166,-85
100.8,1499924253,-85
100.3,1499924363,-83
100.3,1499924363,-83
100.2,1499924558,-71
100.7,1499924592,-97
100.1,1499924775,-86
100.8,1499924864,-85
100.3,1499924973,-83
100.2,1499925150,-70
100.7,1499925198,-97
100.1,1499925384,-85
100.8,1499925475,-85
100.3,1499925582,-82
100.2,1499925743,-70
100.7,1499925804,-97
100.1,1499925993,-85
100.8,1499926086,-85
100.3,1499926192,-83
100.2,1499926335,-71
100.7,1499926410,-97
100.1,1499926602,-86
100.8,1499926697,-84
100.3,1499926801,-83
100.2,1499926927,-71
100.7,1499927016,-97
100.1,1499927210,-86
100.8,1499927308,-85
100.3,1499927410,-83
100.2,1499927520,-71
100.7,1499927622,-97
100.1,1499927819,-85
100.8,1499927919,-85
100.3,1499928020,-83
100.2,1499928112,-70
100.7,1499928228,-97
100.1,1499928428,-86
100.8,1499928529,-85
100.3,1499928629,-83
100.2,1499928704,-71
100.7,1499928834,-97
100.1,1499929037,-86
100.8,1499929140,-85
100.3,1499929238,-83
100.2,1499929295,-71
100.7,1499929440,-97
100.1,1499929645,-85
100.8,1499929751,-84
100.3,1499929848,-83
100.2,1499929887,-71
100.7,1499930045,-97
100.1,1499930254,-85
100.8,1499930361,-85
100.3,1499930457,-83
100.2,1499930479,-71
100.7,1499930651,-96
100.1,1499930862,-85
100.8,1499930971,-85
100.3,1499931066,-83
100.2,1499931071,-70
100.7,1499931257,-97
100.1,1499931471,-86
100.8,1499931582,-84
100.2,1499931662,-71
100.3,1499931675,-83
100.7,1499931862,-97
100.1,1499932079,-85
100.8,1499932192,-85
100.2,1499932254,-71
100.3,1499932284,-83
100.7,1499932468,-98
100.1,1499932688,-86
100.8,1499932802,-85
100.2,1499932845,-70
100.3,1499932893,-83
100.7,1499933073,-97
100.1,1499933296,-86
100.8,1499933413,-85
100.2,1499933437,-71
100.3,1499933502,-83
100.7,1499933678,-97
100.1,1499933905,-86
100.1,1499933905,-86
100.8,1499934023,-85
100.2,1499934028,-70
100.3,1499934111,-83
100.7,1499934284,-98
100.1,1499934513,-85
100.2,1499934619,-71
100.8,1499934633,-85
100.3,1499934720,-82
100.7,1499934889,-97
100.1,1499935121,-86
100.2,1499935211,-70
100.8,1499935243,-85
100.3,1499935329,-83
100.7,1499935494,-98
100.1,1499935729,-85
100.2,1499935802,-71
100.8,1499935853,-85
100.3,1499935938,-82
100.7,1499936099,-97
100.1,1499936337,-86
100.2,1499936393,-71
100.8,1499936463,-84
100.3,1499936547,-83
100.7,1499936704,-96
100.1,1499936945,-85
100.2,1499936984,-71
100.8,1499937073,-84
100.3,1499937155,-83
100.7,1499937309,-96
100.1,1499937553,-86
100.2,1499937575,-70
100.8,1499937683,-85
100.3,1499937764,-83
100.7,1499937914,-97
100.1,1499938161,-86
100.2,1499938165,-71
100.8,1499938292,-84
100.3,1499938373,-83
100.7,1499938518,-97
100.2,1499938756,-71
100.1,1499938769,-86
100.8,1499938902,-85
100.3,1499938981,-82
100.7,1499939123,-97
100.2,1499939347,-71
100.1,1499939377,-85
100.8,1499939512,-85
100.3,1499939590,-83
100.7,1499939728,-97
100.2,1499939938,-71
100.1,1499939984,-85
100.8,1499940121,-85
100.3,1499940198,-83
100.7,1499940332,-97
100.2,1499940528,-71
100.1,1499940592,-86
100.8,1499940731,-84
100.3,1499940807,-83
100.7,1499940937,-97
100.2,1499941119,-71
100.1,1499941200,-85
100.8,1499941341,-85
100.3,1499941415,-82
100.7,1499941541,-97
100.2,1499941709,-71
100.1,1499941808,-85
100.8,1499941950,-84
100.3,1499942023,-83
100.7,1499942146,-97
100.2,1499942299,-71
100.1,1499942415,-86
100.8,1499942559,-84
100.3,1499942631,-83
100.7,1499942750,-98
100.2,1499942889,-70
100.1,1499943022,-85
100.8,1499943168,-84
100.3,1499943239,-83
100.7,1499943354,-97
100.2,1499943479,-71
100.1,1499943629,-86
100.8,1499943777,-85
100.3,1499943847,-83
100.7,1499943958,-97
100.2,1499944069,-71
100.1,1499944236,-85
100.8,1499944386,-85
100.3,1499944455,-83
100.7,1499944562,-97
100.2,1499944658,-71
100.1,1499944844,-85
100.8,1499944995,-85
100.3,1499945063,-83
100.7,1499945166,-97
100.2,1499945248,-71
100.1,1499945451,-86
100.8,1499945604,-85
100.3,1499945671,-83
100.7,1499945770,-97
100.2,1499945838,-71
100.1,1499946058,-86
100.8,1499946213,-85
100.3,1499946278,-83
100.7,1499946374,-98
100.2,1499946428,-71
100.1,1499946665,-86
100.8,1499946822,-84
100.3,1499946886,-83
100.7,1499946978,-97
100.2,1499947017,-71
100.1,1499947272,-85
100.8,1499947430,-85
100.3,1499947494,-83
100.7,1499947582,-97
100.2,1499947607,-71
100.2,1499947607,-71
100.1,1499947879,-85
100.8,1499948039,-85
100.3,1499948102,-83
100.7,1499948186,-97
100.2,1499948197,-71
100.1,1499948486,-86
100.8,1499948648,-85
100.3,1499948710,-83
100.2,1499948787,-71
100.7,1499948790,-97
100.1,1499949094,-85
100.8,1499949257,-85
100.3,1499949317,-82
100.2,1499949378,-70
100.7,1499949394,-97
100.1,1499949701,-86
100.8,1499949866,-85
100.3,1499949925,-83
100.2,1499949968,-71
100.7,1499949998,-97
100.1,1499950308,-85
100.8,1499950475,-85
100.3,1499950533,-82
100.2,1499950558,-71
100.7,1499950602,-97
100.1,1499950916,-85
100.8,1499951084,-85
100.3,1499951141,-82
100.2,1499951149,-71
100.7,1499951207,-98
100.1,1499951524,-85
100.8,1499951693,-85
100.2,1499951740,-71
100.3,1499951749,-83
100.7,1499951811,-97
100.1,1499952132,-85
100.8,1499952302,-84
100.2,1499952331,-70
100.3,1499952358,-83
100.7,1499952415,-96
100.1,1499952740,-85
100.8,1499952911,-85
100.2,1499952922,-70
100.3,1499952966,-83
100.7,1499953020,-97
100.1,1499953348,-86
100.2,1499953514,-70
100.8,1499953521,-84
100.3,1499953574,-83
100.7,1499953624,-96
100.1,1499953956,-86
100.2,1499954106,-71
100.8,1499954130,-84
100.3,1499954183,-83
100.7,1499954229,-97
100.1,1499954565,-86
100.2,1499954698,-71
100.8,1499954740,-85
100.3,1499954791,-83
100.7,1499954834,-97
100.1,1499955174,-85
100.2,1499955291,-71
100.8,1499955350,-85
100.3,1499955400,-83
100.7,1499955439,-96
100.1,1499955783,-85
100.2,1499955883,-71
100.8,1499955960,-84
100.3,1499956009,-83
100.7,1499956044,-96
100.1,1499956393,-85
100.2,1499956477,-71
100.8,1499956570,-84
100.3,1499956618,-83
100.7,1499956649,-97
100.1,1499957002,-86
100.2,1499957070,-71
100.8,1499957181,-84
100.3,1499957227,-83
100.7,1499957254,-97
100.1,1499957612,-86
100.2,1499957664,-71
100.8,1499957792,-85
100.3,1499957836,-83
100.7,1499957860,-97
100.1,1499958223,-86
100.2,1499958258,-71
100.8,1499958403,-85
100.3,1499958446,-83
100.7,1499958466,-97
100.1,1499958833,-86
100.2,1499958853,-71
100.8,1499959014,-84
100.3,1499959055,-83
100.7,1499959072,-97
100.1,1499959444,-85
100.2,1499959447,-70
100.8,1499959625,-84
100.3,1499959665,-83
100.7,1499959678,-97
100.2,1499960042,-71
100.1,1499960054,-85
100.8,1499960237,-85
100.3,1499960275,-82
100.7,1499960285,-97
100.2,1499960637,-71
100.1,1499960665,-86
100.8,1499960849,-84
100.3,1499960885,-83
100.7,1499960892,-97
100.2,1499961232,-70
100.1,1499961277,-85
100.8,1499961460,-85
100.3,1499961495,-83
100.7,1499961499,-97
100.2,1499961828,-70
100.1,1499961888,-85
100.8,1499962072,-85
100.3,1499962105,-82
100.7,1499962106,-97
100.2,1499962423,-71
100.1,1499962500,-85
100.8,1499962685,-85
100.7,1499962713,-97
100.3,1499962716,-83
100.2,1499963019,-71
100.1,1499963112,-85
100.8,1499963297,-85
100.7,1499963321,-96
100.3,1499963326,-83
100.2,1499963616,-70
100.1,1499963724,-86
100.8,1499963910,-85
100.7,1499963929,-96
100.3,1499963937,-82
100.2,1499964212,-71
100.1,1499964336,-85
100.8,1499964524,-85
100.7,1499964537,-97
100.3,1499964548,-83
100.2,1499964810,-70
100.1,1499964949,-85
100.8,1499965137,-85
100.7,1499965145,-96
100.3,1499965159,-83
100.2,1499965407,-71
100.1,1499965562,-86
100.8,1499965751,-85
100.7,1499965754,-97
100.3,1499965770,-83
100.2,1499966004,-71
100.1,1499966175,-86
100.7,1499966363,-97
100.8,1499966365,-85
100.3,1499966381,-83
100.2,1499966602,-70
100.1,1499966788,-86
100.7,1499966972,-97
100.8,1499966979,-85
100.3,1499966993,-83
100.2,1499967200,-71
100.1,1499967401,-86
100.7,1499967581,-97
100.8,1499967593,-84
100.3,1499967605,-83
100.2,1499967798,-71
100.1,1499968015,-86
100.7,1499968191,-96
100.8,1499968208,-85
100.3,1499968217,-83
100.2,1499968396,-71
100.1,1499968629,-86
100.7,1499968801,-98
100.8,1499968823,-85
100.3,1499968829,-83
100.2,1499968994,-71
100.1,1499969242,-85
100.7,1499969411,-97
100.8,1499969437,-85
100.3,1499969441,-83
100.2,1499969592,-71
100.1,1499969856,-86
100.7,1499970020,-97
100.8,1499970052,-85
100.3,1499970053,-83
100.2,1499970190,-70
100.1,1499970469,-86
100.7,1499970631,-97
100.3,1499970665,-83
100.8,1499970667,-85
100.2,1499970788,-70
100.1,1499971083,-85
100.7,1499971241,-97
100.3,1499971278,-83
100.8,1499971282,-84
100.2,1499971386,-71
100.1,1499971697,-86
100.7,1499971852,-97
100.3,1499971890,-83
100.8,1499971897,-85
100.2,1499971984,-70
100.1,1499972311,-86
100.7,1499972464,-97
100.3,1499972503,-83
100.8,1499972512,-84
100.2,1499972582,-70
100.1,1499972925,-85
100.7,1499973076,-97
100.3,1499973116,-83
100.8,1499973127,-85
100.2,1499973180,-71
100.1,1499973539,-86
100.7,1499973687,-97
100.3,1499973729,-83
100.8,1499973742,-85
100.2,1499973779,-71
100.1,1499974154,-86
100.7,1499974300,-96
100.3,1499974342,-83
100.8,1499974358,-85
100.2,1499974377,-71
100.1,1499974768,-86
100.7,1499974912,-97
100.3,1499974955,-83
100.8,1499974973,-85
100.2,1499974975,-71
100.2,1499974975,-71
100.1,1499975382,-85
100.7,1499975525,-97
100.3,1499975568,-83
100.2,1499975574,-71
100.8,1499975589,-85
100.1,1499975996,-86
100.7,1499976138,-97
100.2,1499976172,-71
100.3,1499976182,-84
100.8,1499976204,-84
100.1,1499976610,-85
100.7,1499976751,-98
100.2,1499976770,-71
100.3,1499976795,-83
100.8,1499976819,-85
100.1,1499977224,-85
100.7,1499977364,-97
100.2,1499977368,-71
100.3,1499977409,-83
100.8,1499977434,-85
100.1,1499977838,-86
100.2,1499977966,-70
100.7,1499977977,-97
100.3,1499978023,-83
100.8,1499978050,-84
100.1,1499978452,-86
100.2,1499978564,-71
100.7,1499978591,-96
100.3,1499978637,-83
100.8,1499978665,-85
100.1,1499979066,-86
100.2,1499979163,-71
100.7,1499979206,-97
100.3,1499979251,-83
100.8,1499979281,-85
100.1,1499979680,-85
100.2,1499979761,-71
100.7,1499979820,-97
100.3,1499979865,-83
100.8,1499979896,-85
100.1,1499980293,-85
100.2,1499980360,-70
100.7,1499980433,-97
100.3,1499980479,-82
100.8,1499980511,-85
100.1,1499980907,-85
100.2,1499980958,-71
100.7,1499981048,-97
100.3,1499981094,-83
100.8,1499981127,-85
100.1,1499981521,-86
100.2,1499981557,-71
100.7,1499981663,-96
100.3,1499981708,-83
100.8,1499981742,-85
100.1,1499982135,-85
100.2,1499982156,-71
100.7,1499982278,-97
100.3,1499982322,-83
100.8,1499982358,-85
100.1,1499982749,-86
100.2,1499982755,-71
100.7,1499982892,-97
100.3,1499982937,-83
100.8,1499982973,-85
100.2,1499983354,-71
100.1,1499983363,-86
100.7,1499983508,-97
100.3,1499983551,-82
100.8,1499983589,-85
100.2,1499983953,-71
100.1,1499983977,-85
100.7,1499984124,-97
100.3,1499984166,-83
100.8,1499984205,-84
100.2,1499984553,-71
100.1,1499984592,-86
100.7,1499984740,-97
100.3,1499984780,-82
100.8,1499984821,-85
100.2,1499985153,-71
100.1,1499985206,-85
100.7,1499985356,-97
100.3,1499985395,-83
100.8,1499985437,-85
100.2,1499985753,-72
100.1,1499985820,-86
100.7,1499985972,-97
100.3,1499986010,-83
100.8,1499986053,-85
100.2,1499986354,-71
100.8,1499986365,-85
100.1,1499986435,-85
100.8,1499986437,-85
100.7,1499986589,-97
100.3,1499986625,-83
100.2,1499986954,-71
100.1,1499987050,-86
100.8,1499987054,-84
100.7,1499987113,-97
100.3,1499987240,-83
100.2,1499987555,-71
100.3,1499987635,-84
100.1,1499987664,-83
100.8,1499987672,-86
100.7,1499987727,-95
100.3,1499987734,-84
100.3,1499987802,-85
100.2,1499988107,-71
100.2,1499988196,-71
100.1,1499988279,-83
100.8,1499988290,-86
100.7,1499988340,-94
100.3,1499988416,-84
100.1,1499988490,-83
100.1,1499988562,-83
100.2,1499988796,-70
100.8,1499988909,-86
100.7,1499988952,-95
100.3,1499989030,-85
100.1,1499989175,-83
100.2,1499989396,-70
100.8,1499989528,-86
100.7,1499989565,-95
100.3,1499989645,-84
100.1,1499989789,-83
100.2,1499989997,-71
100.8,1499990147,-86
100.7,1499990177,-94
100.3,1499990259,-85
100.1,1499990403,-83
100.2,1499990598,-71
100.8,1499990767,-86
100.7,1499990790,-93
100.3,1499990874,-85
100.1,1499991017,-83
100.2,1499991199,-71
100.8,1499991386,-86
100.7,1499991402,-93
100.3,1499991489,-85
100.1,1499991631,-83
100.2,1499991800,-71
100.8,1499992006,-86
100.7,1499992014,-93
100.3,1499992103,-84
100.1,1499992245,-83
100.2,1499992401,-71
100.8,1499992626,-86
100.7,1499992627,-94
100.3,1499992718,-84
100.1,1499992859,-84
100.2,1499993002,-71
100.7,1499993239,-94
100.8,1499993247,-86
100.3,1499993332,-85
100.1,1499993473,-83
100.2,1499993604,-71
100.7,1499993851,-94
100.8,1499993867,-86
100.3,1499993946,-85
100.1,1499994087,-83
100.2,1499994205,-71
100.7,1499994463,-95
100.8,1499994487,-86
100.3,1499994561,-84
100.1,1499994701,-83
100.2,1499994806,-70
100.7,1499995076,-94
100.8,1499995107,-86
100.3,1499995175,-85
100.1,1499995314,-82
100.2,1499995408,-71
100.7,1499995687,-94
100.8,1499995727,-86
100.3,1499995789,-85
100.1,1499995928,-83
100.2,1499996009,-71
100.7,1499996299,-93
100.8,1499996347,-86
100.3,1499996403,-85
100.1,1499996542,-83
100.2,1499996610,-71
100.7,1499996911,-94
100.8,1499996967,-86
100.3,1499997017,-85
100.1,1499997155,-83
100.2,1499997212,-71
100.7,1499997523,-94
100.8,1499997587,-86
100.3,1499997631,-84
100.1,1499997768,-83
100.2,1499997813,-71
100.7,1499998134,-94
100.8,1499998207,-86
100.3,1499998244,-84
100.1,1499998382,-83
100.2,1499998413,-70
100.7,1499998745,-94
100.8,1499998826,-86
100.3,1499998858,-85
100.1,1499998995,-83
100.2,1499999014,-71
100.7,1499999357,-95
100.8,1499999446,-86
100.3,1499999472,-85
100.1,1499999608,-83
100.2,1499999614,-72
100.7,1499999968,-94
100.8,1500000065,-86
100.3,1500000085,-84
100.2,1500000215,-71
100.1,1500000221,-83
100.7,1500000579,-94
100.8,1500000684,-86
100.3,1500000698,-85
100.2,1500000815,-71
100.1,1500000834,-83
100.7,1500001190,-94
100.8,1500001303,-87
100.3,1500001312,-84
100.2,1500001415,-70
100.1,1500001447,-83
100.7,1500001801,-95
100.8,1500001922,-86
100.3,1500001925,-85
100.2,1500002015,-70
100.1,1500002061,-83
100.7,1500002412,-93
100.3,1500002538,-84
100.8,1500002540,-86
100.2,1500002614,-71
100.1,1500002674,-83
100.7,1500003023,-94
100.3,1500003151,-85
100.8,1500003158,-86
100.2,1500003213,-71
100.1,1500003287,-83
100.7,1500003633,-94
100.3,1500003764,-85
100.8,1500003776,-86
100.2,1500003812,-70
100.1,1500003899,-83
100.7,1500004244,-94
100.3,1500004377,-84
100.8,1500004394,-86
100.2,1500004410,-71
100.1,1500004512,-84
100.7,1500004854,-94
100.3,1500004989,-85
100.2,1500005009,-71
100.8,1500005011,-86
100.1,1500005125,-83
100.7,1500005464,-94
100.3,1500005602,-84
100.2,1500005606,-71
100.8,1500005628,-86
100.1,1500005737,-83
100.7,1500006074,-93
100.2,1500006204,-71
100.3,1500006214,-85
100.8,1500006244,-86
100.1,1500006350,-83
100.7,1500006683,-94
100.2,1500006801,-71
100.3,1500006826,-85
100.8,1500006860,-86
100.1,1500006962,-83
100.7,1500007293,-94
100.2,1500007397,-71
100.3,1500007438,-85
100.8,1500007476,-86
100.1,1500007574,-83
100.7,1500007902,-94
100.2,1500007994,-71
100.3,1500008050,-85
100.8,1500008092,-86
100.1,1500008186,-83
100.7,1500008511,-93
100.2,1500008590,-70
100.3,1500008662,-85
100.8,1500008707,-86
100.1,1500008797,-83
100.7,1500009120,-94
100.2,1500009186,-71
100.3,1500009273,-84
100.8,1500009322,-86
100.1,1500009409,-83
100.7,1500009728,-94
100.2,1500009782,-70
100.3,1500009885,-85
100.8,1500009937,-86
100.1,1500010020,-83
100.7,1500010337,-94
100.2,1500010377,-71
100.3,1500010496,-84
100.8,1500010551,-86
100.1,1500010631,-83
100.7,1500010945,-94
100.2,1500010972,-71
100.3,1500011107,-84
100.8,1500011165,-86
100.1,1500011243,-83
100.7,1500011553,-94
100.2,1500011567,-71
100.3,1500011718,-84
100.8,1500011779,-86
100.1,1500011853,-83
100.7,1500012161,-94
100.2,1500012162,-71
100.3,1500012329,-85
100.8,1500012392,-86
100.1,1500012464,-83
100.2,1500012756,-71
100.7,1500012769,-95
100.3,1500012939,-84
100.8,1500013006,-86
100.1,1500013075,-84
100.2,1500013350,-71
100.7,1500013377,-94
100.3,1500013550,-85
100.8,1500013619,-86
100.1,1500013685,-83
100.2,1500013944,-70
100.7,1500013984,-94
100.3,1500014160,-84
100.8,1500014231,-86
100.1,1500014295,-83
100.2,1500014538,-70
100.7,1500014591,-94
100.3,1500014771,-84
100.8,1500014844,-86
100.1,1500014905,-83
100.2,1500015131,-71
100.7,1500015199,-93
100.3,1500015381,-85
100.8,1500015456,-86
100.1,1500015514,-83
100.2,1500015724,-71
100.7,1500015805,-94
100.3,1500015991,-84
100.8,1500016068,-86
100.1,1500016124,-83
100.2,1500016318,-70
100.7,1500016412,-95
100.3,1500016601,-84
100.8,1500016680,-85
100.1,1500016733,-83
100.1,1500016733,-83
100.2,1500016910,-70
100.7,1500017018,-94
100.3,1500017210,-85
100.8,1500017292,-86
100.1,1500017342,-83
100.2,1500017503,-71
100.7,1500017625,-94
100.3,1500017820,-84
100.8,1500017903,-86
100.1,1500017951,-83
100.2,1500018095,-70
100.7,1500018231,-95
100.3,1500018429,-84
100.8,1500018514,-86
100.1,1500018560,-83
100.2,1500018687,-70
100.7,1500018836,-94
100.3,1500019039,-84
100.8,1500019125,-86
100.1,1500019168,-83
100.2,1500019279,-71
100.7,1500019442,-95
100.3,1500019648,-84
100.8,1500019735,-86
100.1,1500019777,-83
100.2,1500019871,-71
100.7,1500020048,-95
100.3,1500020257,-84
100.8,1500020345,-86
100.1,1500020385,-83
100.2,1500020462,-71
100.7,1500020653,-94
100.3,1500020866,-84
100.8,1500020956,-86
100.1,1500020993,-83
100.2,1500021054,-71
100.7,1500021258,-94
100.3,1500021475,-84
100.8,1500021566,-86
100.1,1500021601,-83
100.2,1500021645,-71
100.7,1500021863,-93
100.3,1500022084,-84
100.8,1500022176,-85
100.1,1500022209,-83
100.2,1500022236,-71
100.7,1500022469,-95
100.3,1500022692,-84
100.8,1500022786,-86
100.1,1500022817,-83
100.2,1500022827,-71
100.7,1500023074,-94
100.3,1500023301,-83
100.8,1500023396,-86
100.2,1500023417,-71
100.1,1500023425,-83
100.7,1500023679,-94
100.3,1500023910,-84
100.8,1500024006,-85
100.2,1500024008,-71
100.1,1500024032,-83
100.7,1500024284,-94
100.3,1500024518,-85
100.2,1500024599,-70
100.8,1500024615,-86
100.1,1500024640,-83
100.7,1500024889,-94
100.3,1500025126,-85
100.2,1500025189,-70
100.8,1500025225,-86
100.1,1500025248,-83
100.7,1500025494,-94
100.3,1500025735,-85
100.2,1500025780,-71
100.8,1500025834,-86
100.1,1500025855,-83
100.7,1500026099,-94
100.3,1500026343,-84
100.2,1500026370,-71
100.8,1500026444,-86
100.1,1500026463,-83
100.7,1500026704,-95
100.3,1500026952,-84
100.2,1500026960,-70
100.8,1500027053,-86
100.1,1500027070,-83
100.7,1500027308,-95
100.2,1500027551,-71
100.3,1500027560,-85
100.8,1500027663,-86
100.1,1500027678,-83
100.7,1500027913,-95
100.2,1500028141,-71
100.3,1500028168,-84
100.8,1500028272,-86
100.1,1500028285,-83
100.7,1500028518,-94
100.2,1500028731,-71
100.3,1500028776,-84
100.8,1500028882,-86
100.1,1500028893,-83
100.7,1500029123,-94
100.2,1500029321,-71
100.3,1500029385,-85
100.8,1500029491,-86
100.1,1500029500,-83
100.7,1500029728,-94
100.2,1500029912,-71
100.3,1500029993,-84
100.8,1500030101,-86
100.1,1500030108,-83
100.7,1500030333,-92
100.2,1500030502,-70
100.3,1500030601,-84
100.8,1500030710,-86
100.1,1500030715,-83
100.7,1500030938,-95
100.2,1500031092,-69
100.3,1500031209,-84
100.8,1500031320,-86
100.1,1500031323,-83
100.7,1500031542,-94
100.2,1500031683,-71
100.3,1500031817,-84
100.8,1500031929,-86
100.1,1500031930,-83
100.7,1500032147,-94
100.2,1500032273,-70
100.3,1500032426,-84
100.1,1500032538,-83
100.8,1500032539,-86
100.7,1500032752,-94
100.2,1500032863,-71
100.3,1500033034,-84
100.1,1500033145,-83
100.8,1500033148,-85
100.7,1500033357,-94
100.2,1500033453,-70
100.3,1500033642,-84
100.1,1500033753,-83
100.8,1500033757,-86
100.7,1500033962,-94
100.2,1500034044,-71
100.3,1500034250,-84
100.1,1500034361,-83
100.8,1500034367,-86
100.7,1500034567,-94
100.2,1500034634,-71
100.3,1500034858,-84
100.1,1500034968,-83
100.8,1500034977,-86
100.7,1500035172,-94
100.2,1500035225,-71
100.3,1500035467,-85
100.1,1500035576,-83
100.8,1500035586,-86
100.7,1500035777,-94
100.2,1500035816,-71
100.3,1500036075,-84
100.1,1500036184,-83
100.8,1500036196,-86
100.7,1500036382,-94
100.2,1500036407,-71
100.3,1500036683,-84
100.1,1500036792,-83
100.8,1500036806,-85
100.7,1500036987,-95
100.2,1500036998,-70
100.3,1500037292,-85
100.1,1500037401,-83
100.8,1500037415,-85
100.2,1500037590,-69
100.7,1500037592,-94
100.3,1500037900,-85
100.1,1500038009,-82
100.8,1500038025,-86
100.2,1500038181,-71
100.7,1500038198,-95
100.3,1500038509,-85
100.1,1500038618,-83
100.8,1500038635,-86
100.2,1500038773,-70
100.7,1500038803,-94
100.3,1500039118,-85
100.1,1500039227,-83
100.8,1500039245,-86
100.2,1500039365,-70
100.7,1500039408,-94
100.3,1500039726,-85
100.1,1500039836,-83
100.8,1500039855,-86
100.2,1500039957,-71
100.7,1500040014,-94
100.3,1500040335,-84
100.1,1500040445,-83
100.8,1500040466,-86
100.2,1500040550,-70
100.7,1500040620,-94
100.3,1500040944,-84
100.1,1500041055,-83
100.8,1500041077,-86
100.2,1500041143,-71
100.7,1500041226,-94
100.3,1500041554,-84
100.1,1500041665,-83
100.8,1500041687,-86
100.2,1500041737,-70
100.7,1500041832,-95
100.3,1500042163,-85
100.1,1500042276,-83
100.8,1500042298,-86
100.2,1500042331,-70
100.7,1500042438,-94
100.3,1500042772,-84
100.1,1500042886,-83
100.8,1500042910,-86
100.2,1500042925,-71
100.7,1500043044,-94
100.3,1500043382,-84
100.1,1500043497,-84
100.2,1500043520,-70
100.8,1500043521,-86
100.7,1500043651,-95
100.3,1500043992,-85
100.1,1500044109,-84
100.2,1500044115,-71
100.8,1500044133,-86
100.7,1500044258,-94
100.3,1500044602,-85
100.2,1500044710,-70
100.1,1500044720,-83
100.8,1500044746,-86
100.7,1500044865,-94
100.3,1500045212,-84
100.2,1500045306,-70
100.1,1500045332,-83
100.8,1500045358,-86
100.7,1500045473,-94
100.3,1500045823,-84
100.2,1500045903,-71
100.1,1500045945,-83
100.8,1500045971,-86
100.7,1500046081,-94
100.3,1500046433,-85
100.2,1500046499,-71
100.1,1500046557,-83
100.8,1500046584,-86
100.7,1500046689,-94
100.3,1500047044,-84
100.2,1500047096,-71
100.1,1500047170,-83
100.8,1500047197,-86
100.7,1500047298,-94
100.3,1500047655,-84
100.2,1500047693,-71
100.1,1500047784,-83
100.8,1500047811,-86
100.7,1500047907,-94
100.3,1500048266,-84
100.2,1500048291,-71
100.1,1500048397,-84
100.8,1500048424,-86
100.7,1500048516,-94
100.3,1500048877,-85
100.2,1500048888,-71
100.1,1500049011,-83
100.8,1500049039,-86
100.7,1500049126,-94
100.2,1500049486,-71
100.3,1500049488,-85
100.1,1500049625,-84
100.8,1500049653,-87
100.7,1500049737,-94
100.2,1500050085,-71
100.3,1500050100,-84
100.1,1500050239,-83
100.8,1500050268,-87
100.7,1500050347,-95
100.2,1500050683,-71
100.3,1500050711,-84
100.1,1500050854,-83
100.8,1500050884,-86
100.7,1500050958,-94
100.2,1500051282,-71
100.3,1500051323,-84
100.1,1500051468,-83
100.8,1500051499,-86
100.7,1500051570,-94
100.2,1500051881,-70
100.3,1500051935,-84
100.1,1500052083,-84
100.8,1500052115,-86
100.7,1500052182,-94
100.2,1500052480,-71
100.3,1500052547,-84
100.1,1500052699,-84
100.8,1500052732,-87
100.7,1500052794,-94
100.2,1500053080,-71
100.3,1500053159,-84
100.1,1500053314,-83
100.8,1500053348,-87
100.7,1500053406,-94
100.2,1500053679,-70
100.3,1500053772,-84
100.1,1500053929,-83
100.8,1500053965,-86
100.7,1500054019,-95
100.2,1500054279,-70
100.3,1500054384,-85
100.1,1500054544,-84
100.8,1500054581,-86
100.7,1500054632,-94
100.2,1500054878,-71
100.3,1500054997,-85
100.1,1500055160,-83
100.8,1500055198,-86
100.7,1500055244,-93
100.2,1500055478,-71
100.3,1500055610,-84
100.1,1500055775,-83
100.8,1500055815,-86
100.7,1500055857,-94
100.2,1500056078,-71
100.3,1500056223,-84
100.1,1500056390,-83
100.8,1500056432,-87
100.7,1500056471,-95
100.2,1500056677,-71
100.3,1500056836,-84
100.1,1500057006,-83
100.8,1500057049,-86
100.7,1500057084,-94
100.2,1500057277,-71
100.3,1500057449,-84
100.1,1500057621,-83
100.8,1500057666,-86
100.7,1500057698,-94
100.2,1500057877,-70
100.3,1500058062,-85
100.1,1500058236,-84
100.8,1500058283,-86
100.7,1500058311,-94
100.2,1500058477,-70
100.3,1500058676,-84
100.1,1500058852,-83
100.8,1500058900,-86
100.7,1500058925,-94
100.2,1500059076,-71
100.3,1500059290,-84
100.1,1500059467,-83
100.8,1500059517,-86
100.7,1500059539,-94
100.2,1500059676,-71
100.3,1500059903,-85
100.1,1500060082,-83
100.8,1500060133,-86
100.7,1500060152,-94
100.2,1500060275,-71
100.3,1500060517,-85
100.1,1500060696,-84
100.8,1500060750,-86
100.7,1500060766,-94
100.2,1500060875,-71
100.3,1500061131,-85
100.1,1500061311,-84
100.8,1500061366,-86
100.7,1500061379,-93
100.2,1500061474,-70
100.3,1500061745,-85
100.1,1500061925,-83
100.8,1500061983,-86
100.7,1500061993,-94
100.2,1500062073,-70
100.3,1500062359,-85
100.1,1500062540,-83
100.8,1500062600,-86
100.7,1500062606,-94
100.2,1500062672,-70
100.3,1500062974,-85
100.1,1500063154,-84
100.8,1500063216,-87
100.7,1500063220,-94
100.2,1500063271,-71
100.3,1500063588,-84
100.1,1500063768,-83
100.8,1500063832,-86
100.7,1500063833,-94
100.2,1500063870,-71
100.3,1500064202,-84
100.1,1500064382,-83
100.7,1500064446,-93
100.8,1500064449,-86
100.2,1500064468,-70
100.3,1500064817,-85
100.1,1500064996,-83
100.7,1500065060,-94
100.8,1500065065,-86
100.2,1500065068,-71
100.3,1500065432,-85
100.1,1500065610,-83
100.2,1500065667,-70
100.7,1500065674,-94
100.8,1500065682,-86
100.3,1500066047,-85
100.1,1500066224,-84
100.2,1500066266,-70
100.7,1500066286,-95
100.8,1500066298,-86
100.3,1500066661,-85
100.1,1500066838,-83
100.2,1500066865,-71
100.7,1500066899,-93
100.8,1500066915,-86
100.3,1500067276,-84
100.1,1500067452,-83
100.2,1500067464,-71
100.7,1500067513,-93
100.8,1500067533,-86
100.3,1500067891,-85
100.2,1500068064,-70
100.1,1500068066,-83
100.7,1500068127,-95
100.8,1500068150,-86
100.3,1500068506,-85
100.2,1500068665,-71
100.1,1500068680,-83
100.7,1500068741,-94
100.8,1500068768,-86
100.3,1500069121,-85
100.2,1500069265,-71
100.1,1500069294,-83
100.7,1500069355,-94
100.8,1500069386,-86
100.3,1500069736,-85
100.2,1500069865,-70
100.1,1500069908,-83
100.7,1500069969,-94
100.8,1500070004,-86
100.3,1500070352,-85
100.2,1500070466,-71
100.1,1500070522,-84
100.7,1500070583,-94
100.8,1500070622,-86
100.3,1500070967,-84
100.2,1500071067,-71
100.1,1500071136,-83
100.7,1500071197,-94
100.8,1500071240,-86
100.3,1500071582,-85
100.2,1500071667,-71
100.1,1500071750,-83
100.7,1500071811,-95
100.8,1500071859,-86
100.3,1500072197,-85
100.2,1500072268,-71
100.1,1500072364,-83
100.7,1500072425,-94
100.8,1500072477,-87
100.3,1500072813,-85
100.2,1500072869,-70
100.1,1500072978,-83
100.7,1500073039,-94
100.8,1500073097,-86
100.3,1500073428,-85
100.2,1500073471,-70
100.1,1500073593,-83
100.7,1500073653,-94
100.8,1500073716,-87
100.3,1500074043,-84
100.2,1500074073,-71
100.1,1500074208,-83
100.7,1500074268,-94
100.8,1500074336,-86
100.3,1500074659,-85
100.2,1500074675,-71
100.1,1500074823,-83
100.7,1500074882,-94
100.8,1500074955,-86
100.3,1500075273,-85
100.2,1500075276,-70
100.1,1500075438,-83
100.7,1500075495,-94
100.8,1500075574,-86
100.2,1500075877,-70
100.3,1500075888,-85
100.1,1500076053,-83
100.7,1500076109,-94
100.8,1500076195,-86
100.2,1500076479,-70
100.3,1500076504,-85
100.1,1500076668,-83
100.7,1500076723,-94
100.8,1500076816,-86
100.2,1500077082,-71
100.3,1500077119,-85
100.1,1500077282,-83
100.7,1500077336,-94
100.8,1500077434,-86
100.2,1500077682,-71
100.3,1500077733,-84
100.1,1500077896,-83
100.7,1500077948,-94
100.8,1500078051,-86
100.2,1500078281,-70
100.3,1500078347,-85
100.1,1500078509,-83
100.7,1500078559,-95
100.8,1500078667,-86
100.2,1500078880,-70
100.3,1500078961,-84
100.1,1500079122,-83
100.7,1500079169,-94
100.8,1500079283,-86
100.2,1500079478,-70
100.3,1500079574,-84
100.1,1500079735,-83
100.7,1500079780,-94
100.8,1500079900,-86
100.2,1500080078,-71
100.3,1500080188,-85
100.1,1500080350,-84
100.7,1500080392,-94
100.8,1500080520,-87
100.2,1500080680,-71
100.3,1500080802,-85
100.1,1500080964,-83
100.7,1500081005,-93
100.8,1500081140,-86
100.2,1500081281,-71
100.3,1500081416,-84
100.1,1500081578,-83
100.7,1500081616,-93
100.8,1500081757,-86
100.2,1500081879,-71
100.3,1500082029,-84
100.1,1500082191,-83
100.7,1500082227,-94
100.8,1500082373,-86
100.2,1500082478,-71
100.3,1500082642,-84
100.1,1500082803,-83
100.7,1500082836,-94
100.8,1500082988,-86
100.2,1500083075,-70
100.3,1500083254,-84
100.1,1500083415,-83
100.7,1500083445,-94
100.8,1500083602,-86
100.2,1500083671,-69
100.3,1500083866,-84
100.1,1500084027,-83
100.7,1500084054,-94
100.8,1500084215,-86
100.2,1500084266,-70
100.3,1500084478,-84
100.1,1500084638,-84
100.7,1500084662,-93
100.8,1500084829,-85
100.2,1500084861,-70
100.3,1500085090,-85
100.1,1500085249,-84
100.7,1500085270,-94
100.8,1500085442,-86
100.2,1500085456,-71
100.3,1500085701,-85
100.1,1500085860,-83
100.7,1500085877,-95
100.2,1500086050,-72
100.8,1500086054,-86
100.3,1500086312,-85
100.1,1500086470,-83
100.7,1500086484,-95
100.2,1500086643,-71
100.8,1500086666,-86
100.3,1500086923,-85
100.1,1500087080,-83
100.7,1500087091,-95
100.2,1500087237,-71
100.8,1500087279,-86
100.3,1500087533,-85
100.1,1500087690,-83
100.7,1500087698,-95
100.2,1500087831,-71
100.8,1500087892,-86
100.3,1500088144,-85
100.1,1500088300,-83
100.7,1500088305,-95
100.2,1500088425,-71
100.8,1500088505,-86
100.3,1500088755,-85
100.1,1500088911,-83
100.7,1500088912,-94
100.2,1500089020,-71
100.8,1500089118,-86
100.3,1500089365,-85
100.7,1500089519,-95
100.1,1500089521,-83
100.2,1500089615,-71
100.8,1500089732,-86
100.3,1500089976,-85
100.7,1500090127,-95
100.1,1500090132,-84
100.2,1500090211,-71
100.8,1500090346,-86
100.3,1500090587,-85
100.7,1500090735,-95
100.1,1500090743,-83
100.2,1500090807,-70
100.8,1500090959,-86
100.3,1500091198,-85
100.7,1500091342,-94
100.1,1500091353,-83
100.2,1500091402,-70
100.8,1500091573,-86
100.3,1500091809,-84
100.7,1500091950,-95
100.1,1500091964,-83
100.2,1500091997,-70
100.8,1500092186,-86
100.3,1500092419,-85
100.7,1500092557,-94
100.1,1500092574,-83
100.2,1500092591,-70
100.8,1500092799,-86
100.3,1500093030,-85
100.7,1500093164,-95
100.1,1500093184,-84
100.2,1500093186,-70
100.8,1500093411,-86
100.3,1500093640,-85
100.7,1500093771,-95
100.2,1500093780,-71
100.1,1500093794,-83
100.8,1500094023,-86
100.3,1500094251,-85
100.2,1500094374,-70
100.7,1500094378,-94
100.1,1500094404,-83
100.8,1500094636,-86
100.3,1500094861,-84
100.2,1500094968,-70
100.7,1500094985,-93
100.1,1500095014,-84
100.8,1500095248,-86
100.3,1500095471,-84
100.2,1500095562,-70
100.7,1500095592,-95
100.1,1500095624,-84
100.8,1500095860,-86
100.3,1500096081,-84
100.2,1500096156,-71
100.7,1500096198,-95
100.1,1500096234,-84
100.8,1500096472,-86
100.3,1500096692,-85
100.2,1500096749,-70
100.7,1500096805,-94
100.1,1500096844,-83
100.8,1500097084,-86
100.3,1500097302,-85
100.2,1500097343,-71
100.7,1500097412,-95
100.1,1500097453,-84
100.8,1500097696,-86
100.3,1500097912,-85
100.2,1500097936,-71
100.7,1500098018,-94
100.1,1500098063,-84
100.8,1500098308,-86
100.3,1500098522,-84
100.2,1500098529,-71
100.7,1500098625,-95
100.1,1500098672,-83
100.8,1500098919,-86
100.2,1500099122,-71
100.3,1500099132,-84
100.7,1500099231,-95
100.1,1500099281,-84
100.8,1500099530,-86
100.2,1500099715,-71
100.3,1500099742,-85
100.7,1500099837,-94
100.1,1500099891,-83
100.8,1500100141,-86
100.2,1500100307,-70
100.3,1500100351,-84
100.7,1500100443,-95
100.1,1500100500,-84
100.8,1500100752,-86
100.2,1500100900,-71
100.3,1500100961,-85
100.7,1500101049,-94
100.1,1500101109,-83
100.8,1500101363,-86
100.2,1500101492,-71
100.3,1500101571,-84
100.7,1500101655,-95
100.1,1500101718,-84
100.8,1500101975,-86
100.2,1500102085,-70
100.3,1500102181,-85
100.7,1500102262,-94
100.1,1500102327,-83
100.8,1500102586,-85
100.2,1500102678,-70
100.3,1500102790,-84
100.7,1500102868,-94
100.1,1500102937,-83
100.8,1500103197,-86
100.2,1500103271,-70
100.3,1500103400,-84
100.7,1500103474,-94
100.1,1500103546,-83
100.8,1500103809,-86
100.2,1500103864,-71
100.3,1500104010,-84
100.7,1500104081,-94
100.1,1500104155,-84
100.8,1500104420,-86
100.2,1500104456,-71
100.3,1500104620,-84
100.7,1500104687,-94
100.1,1500104765,-84
100.8,1500105031,-86
100.2,1500105049,-70
100.3,1500105230,-84
100.7,1500105293,-95
100.1,1500105374,-83
100.2,1500105641,-71
100.8,1500105642,-86
100.3,1500105839,-84
100.7,1500105899,-94
100.1,1500105983,-83
100.2,1500106233,-71
100.8,1500106253,-86
100.3,1500106449,-84
100.7,1500106505,-95
100.1,1500106592,-83
100.2,1500106826,-69
100.8,1500106864,-86
100.3,1500107058,-84
100.7,1500107111,-94
100.1,1500107201,-84
100.2,1500107418,-70
100.8,1500107475,-86
100.3,1500107668,-84
100.7,1500107717,-95
100.1,1500107810,-83
100.2,1500108010,-71
100.8,1500108086,-86
100.3,1500108277,-84
100.7,1500108323,-94
100.1,1500108418,-84
100.2,1500108601,-70
100.8,1500108696,-86
100.3,1500108887,-85
100.7,1500108929,-95
100.1,1500109027,-84
100.2,1500109193,-70
100.8,1500109307,-86
100.3,1500109496,-85
100.7,1500109534,-94
100.1,1500109636,-83
100.2,1500109785,-71
100.8,1500109917,-86
100.3,1500110105,-84
100.7,1500110140,-94
100.1,1500110244,-84
100.2,1500110377,-71
100.8,1500110528,-86
100.3,1500110714,-84
100.7,1500110746,-95
100.1,1500110853,-83
100.2,1500110968,-70
100.8,1500111138,-85
100.3,1500111324,-84
100.7,1500111351,-95
100.1,1500111461,-83
100.2,1500111560,-71
100.8,1500111748,-86
100.3,1500111933,-84
100.7,1500111957,-93
100.1,1500112070,-84
100.2,1500112151,-70
100.8,1500112359,-86
100.3,1500112542,-84
100.7,1500112563,-94
100.1,1500112679,-84
100.2,1500112743,-71
100.8,1500112969,-86
100.3,1500113151,-84
100.7,1500113168,-94
100.1,1500113287,-83
100.2,1500113334,-71
100.8,1500113580,-86
100.3,1500113760,-84
100.7,1500113774,-94
100.1,1500113896,-84
100.2,1500113926,-70
100.8,1500114190,-86
100.3,1500114370,-85
100.7,1500114380,-94
100.1,1500114505,-84
100.2,1500114518,-70
100.8,1500114800,-85
100.3,1500114979,-85
100.7,1500114985,-94
100.2,1500115109,-70
100.1,1500115113,-84
100.8,1500115411,-86
100.3,1500115588,-84
100.7,1500115591,-95
100.2,1500115700,-71
100.1,1500115722,-83
100.8,1500116021,-86
100.7,1500116196,-95
100.3,1500116197,-85
100.2,1500116292,-71
100.1,1500116330,-84
100.8,1500116631,-86
100.7,1500116802,-95
100.3,1500116806,-85
100.2,1500116883,-71
100.1,1500116939,-84
100.8,1500117241,-86
100.8,1500117241,-86
100.8,1500118280,-87
100.8,1500118466,-86
100.8,1500119017,-86
100.8,1500119627,-86
100.8,1500120237,-86
100.8,1500120847,-86
100.8,1500121457,-86
100.8,1500122067,-86
100.8,1500122677,-86
100.8,1500123287,-86
100.8,1500123897,-86
100.8,1500124507,-86
100.8,1500125117,-86
100.8,1500125727,-86
100.8,1500126337,-86
100.8,1500126947,-86
100.8,1500127557,-86
100.8,1500128167,-86
100.8,1500128777,-86
100.8,1500129387,-86
100.8,1500129997,-86
100.8,1500130607,-86
100.8,1500131217,-86
100.8,1500131828,-86
100.8,1500132438,-86
100.8,1500133048,-86
100.8,1500133658,-86
100.8,1500134268,-86
100.8,1500134879,-87
100.8,1500135489,-86
100.8,1500136099,-86
100.8,1500136710,-86
100.8,1500137321,-86
100.8,1500137931,-86
100.8,1500138541,-86
100.8,1500139152,-86
100.8,1500139762,-86
100.8,1500140373,-86
100.8,1500140985,-86
100.8,1500141597,-86
100.8,1500142209,-86
100.8,1500142822,-86
100.8,1500143435,-86
100.8,1500144048,-86
100.8,1500144661,-86
100.8,1500145274,-86
100.8,1500145888,-86
100.8,1500146502,-86
100.8,1500147116,-86
100.8,1500147730,-86
100.8,1500148345,-86
100.8,1500148961,-86
100.8,1500149577,-86
100.8,1500150193,-86
100.8,1500150810,-86
100.8,1500151426,-86
100.8,1500152041,-86
100.8,1500152656,-86
100.8,1500153272,-86
100.8,1500153887,-86
100.8,1500154504,-86
100.8,1500155120,-87
100.8,1500155738,-86
100.8,1500156354,-87
100.8,1500156968,-86
100.8,1500157584,-86
100.8,1500158200,-86
100.8,1500158818,-86
100.8,1500159434,-86
100.8,1500160052,-86
100.8,1500160668,-86
100.8,1500161284,-86
100.8,1500161902,-86
100.8,1500162522,-86
100.8,1500163140,-86
100.8,1500163757,-86
100.8,1500164374,-86
100.8,1500164989,-86
100.8,1500165605,-86
100.8,1500166223,-87
100.8,1500166841,-86
100.8,1500167459,-86
100.8,1500168079,-86
100.8,1500168698,-86
100.8,1500169316,-86
100.8,1500169934,-86
100.8,1500170554,-86
100.8,1500171174,-86
100.8,1500171794,-86
100.8,1500172413,-86
100.8,1500173032,-86
100.8,1500173651,-86
100.8,1500174270,-86
100.8,1500174889,-86
100.8,1500175507,-86
100.8,1500176126,-86
100.8,1500176744,-86
100.8,1500177361,-86
100.8,1500177979,-86
100.8,1500178596,-86
100.8,1500179212,-86
100.8,1500179827,-86
100.8,1500180442,-86
100.8,1500181057,-86
100.8,1500181671,-86
100.8,1500182286,-86
100.8,1500182900,-86
100.8,1500183514,-86
100.8,1500184127,-86
100.8,1500184741,-86
100.8,1500185354,-86
100.8,1500185966,-86
100.8,1500186579,-86
100.8,1500187191,-86
100.8,1500187803,-86
100.8,1500188414,-86
100.8,1500189025,-86
100.8,1500189636,-86
100.8,1500190247,-86
100.8,1500190857,-86
100.8,1500191467,-86
100.8,1500192077,-85
100.8,1500192687,-86
100.8,1500193296,-86
100.8,1500193906,-86
100.8,1500194515,-85
100.8,1500195124,-86
100.8,1500195733,-86
100.8,1500196342,-86
100.8,1500196951,-86
100.8,1500197560,-86
100.8,1500198169,-86
100.8,1500198778,-86
100.8,1500199386,-85
100.8,1500199995,-86
100.8,1500200604,-86
100.8,1500201212,-85
100.8,1500201821,-86
100.8,1500202430,-86
100.8,1500203039,-86
100.8,1500203648,-86
100.8,1500204257,-86
100.8,1500204866,-86
100.8,1500205475,-86
100.8,1500206084,-86
100.8,1500206694,-86
100.8,1500207303,-86
100.8,1500207912,-86
100.8,1500208521,-86
100.8,1500209131,-86
100.8,1500209740,-86
100.8,1500210350,-86
100.8,1500210959,-86
100.8,1500211569,-86
100.8,1500212179,-86
100.8,1500212788,-86
100.8,1500213398,-86
100.8,1500214008,-86
100.8,1500214618,-86
100.8,1500215228,-86
100.8,1500215839,-86
100.8,1500216449,-86
100.8,1500217060,-86
100.8,1500217671,-86
100.8,1500218282,-86
100.8,1500218893,-86
100.8,1500219504,-85
100.8,1500220115,-86
100.8,1500220726,-86
100.8,1500221337,-86
100.8,1500221949,-86
100.8,1500222560,-86
100.8,1500223171,-86
100.8,1500223782,-86
100.8,1500224393,-86
100.8,1500225005,-86
100.8,1500225616,-86
100.8,1500226228,-86
100.8,1500226839,-86
100.8,1500227451,-86
100.8,1500228063,-86
100.8,1500228674,-86
100.8,1500229286,-86
100.8,1500229897,-86
100.8,1500230509,-86
100.8,1500231120,-86
100.8,1500231731,-86
100.8,1500232342,-86
100.8,1500232953,-86
100.8,1500233564,-86
100.8,1500234175,-86
100.8,1500234786,-86
100.8,1500235397,-86
100.8,1500236008,-86
100.8,1500236619,-87
100.8,1500237230,-87
100.8,1500237841,-87
100.8,1500238453,-87
100.8,1500239065,-87
100.8,1500239678,-87
100.8,1500240291,-86
100.8,1500240904,-87
100.8,1500241517,-86
100.8,1500242129,-86
100.8,1500242742,-86
100.8,1500243355,-87
100.8,1500243968,-86
100.8,1500244583,-86
100.8,1500245197,-86
100.8,1500245811,-86
100.8,1500246425,-86
100.8,1500247039,-86
100.8,1500247652,-86
100.8,1500248266,-86
100.8,1500248881,-86
100.8,1500249496,-86
100.8,1500250111,-86
100.8,1500250727,-86
100.8,1500251340,-86
100.8,1500251953,-86
100.8,1500252566,-86
100.8,1500253178,-86
100.8,1500253792,-86
100.8,1500254406,-86
100.8,1500255020,-86
100.8,1500255634,-86
100.8,1500256247,-86
100.8,1500256859,-86
100.8,1500257471,-86
100.8,1500258043,-86
100.8,1500504771,-86
100.2,1500505005,-72
100.8,1500581524,-86
200.5,1499991647,-97
200.6,1499991693,-92
200.5,1499992264,-97
200.6,1499992295,-92
200.5,1499992881,-97
200.6,1499992896,-92
200.6,1499993497,-92
200.5,1499993497,-97
200.6,1499994099,-92
200.5,1499994114,-97
200.6,1499994700,-92
200.5,1499994731,-96
200.6,1499995301,-92
200.5,1499995348,-97
200.6,1499995902,-92
200.5,1499995965,-97
200.6,1499996503,-92
200.5,1499996582,-96
200.6,1499997105,-92
200.5,1499997199,-97
200.6,1499997706,-92
200.5,1499997816,-97
200.6,1499998307,-92
200.5,1499998433,-96
200.6,1499998908,-92
200.5,1499999050,-96
200.6,1499999508,-93
200.5,1499999667,-97
200.6,1500000109,-92
200.5,1500000284,-97
200.6,1500000710,-92
200.5,1500000901,-96
200.6,1500001311,-92
200.5,1500001518,-96
200.6,1500001911,-92
200.5,1500002135,-97
200.6,1500002512,-92
200.5,1500002752,-96
200.6,1500003113,-92
200.5,1500003369,-97
200.6,1500003713,-92
200.5,1500003986,-97
200.6,1500004313,-92
200.5,1500004602,-97
200.6,1500004914,-93
200.5,1500005219,-97
200.6,1500005514,-92
200.5,1500005836,-97
200.6,1500006114,-92
200.5,1500006452,-97
200.6,1500006713,-92
200.5,1500007068,-97
200.6,1500007313,-92
200.5,1500007684,-97
200.6,1500007913,-92
200.5,1500008300,-97
200.6,1500008512,-93
200.5,1500008915,-97
200.6,1500009111,-92
200.5,1500009531,-97
200.6,1500009710,-92
200.5,1500010146,-97
200.6,1500010309,-92
200.5,1500010761,-97
200.6,1500010907,-92
200.5,1500011377,-97
200.6,1500011506,-92
200.5,1500011991,-97
200.6,1500012104,-92
200.5,1500012606,-97
200.6,1500012702,-92
200.5,1500013221,-97
200.6,1500013300,-92
200.5,1500013835,-96
200.6,1500013897,-93
200.5,1500014449,-96
200.6,1500014495,-92
200.5,1500015063,-97
200.6,1500015092,-92
200.5,1500015677,-97
200.6,1500015688,-92
200.6,1500016285,-92
200.5,1500016290,-97
200.6,1500016881,-93
200.5,1500016903,-97
200.6,1500017477,-92
200.5,1500017516,-97
200.6,1500018073,-92
200.5,1500018128,-96
200.6,1500018669,-92
200.5,1500018740,-97
200.6,1500019264,-92
200.5,1500019352,-97
200.6,1500019860,-92
200.5,1500019963,-97
200.6,1500020455,-92
200.5,1500020575,-97
200.6,1500021050,-92
200.5,1500021186,-97
200.6,1500021644,-92
200.5,1500021796,-97
200.6,1500022239,-92
200.5,1500022407,-97
200.6,1500022834,-92
200.5,1500023017,-96
200.6,1500023428,-93
200.5,1500023628,-97
200.6,1500024023,-92
200.5,1500024238,-97
200.6,1500024617,-93
200.5,1500024849,-97
200.6,1500025212,-92
200.5,1500025459,-96
200.6,1500025806,-92
200.5,1500026068,-97
200.6,1500026400,-92
200.5,1500026678,-97
200.6,1500026995,-92
200.5,1500027288,-96
200.6,1500027589,-92
200.5,1500027898,-96
200.6,1500028183,-92
200.5,1500028508,-96
200.6,1500028777,-92
200.5,1500029118,-97
200.6,1500029371,-92
200.5,1500029727,-97
200.6,1500029965,-92
200.5,1500030337,-97
200.6,1500030560,-92
200.5,1500030947,-96
200.6,1500031154,-92
200.5,1500031556,-97
200.6,1500031748,-92
200.5,1500032166,-97
200.6,1500032342,-92
200.5,1500032775,-96
200.6,1500032936,-92
200.5,1500033385,-97
200.6,1500033531,-92
200.5,1500033994,-97
200.6,1500034125,-92
200.5,1500034604,-97
200.6,1500034719,-93
200.5,1500035214,-97
200.6,1500035313,-92
200.5,1500035823,-96
200.6,1500035908,-92
200.5,1500036433,-96
200.6,1500036502,-92
200.5,1500037043,-97
200.6,1500037096,-92
200.5,1500037653,-97
200.6,1500037691,-93
200.5,1500038263,-97
200.6,1500038285,-92
200.5,1500038873,-97
200.6,1500038880,-92
200.6,1500039474,-92
200.5,1500039484,-97
200.6,1500040069,-92
200.5,1500040094,-97
200.6,1500040663,-93
200.5,1500040704,-97
200.6,1500041258,-92
200.5,1500041315,-97
200.6,1500041852,-92
200.5,1500041925,-97
200.6,1500042447,-93
200.5,1500042537,-97
200.6,1500043042,-92
200.5,1500043148,-96
200.6,1500043637,-92
200.5,1500043759,-97
200.6,1500044232,-92
200.5,1500044371,-97
200.6,1500044828,-92
200.5,1500044983,-97
200.6,1500045423,-92
200.5,1500045595,-97
200.6,1500046018,-92
200.5,1500046207,-97
200.6,1500046614,-92
200.5,1500046820,-97
200.6,1500047210,-92
200.5,1500047433,-98
200.6,1500047806,-92
200.5,1500048046,-97
200.6,1500048402,-92
200.5,1500048660,-97
200.6,1500048999,-93
200.5,1500049273,-97
200.6,1500049596,-92
200.5,1500049887,-96
200.6,1500050193,-92
200.5,1500050501,-96
200.6,1500050790,-93
200.5,1500051115,-97
200.6,1500051388,-93
200.5,1500051730,-96
200.6,1500051986,-93
200.5,1500052344,-96
200.6,1500052584,-93
200.5,1500052959,-97
200.6,1500053183,-92
200.5,1500053574,-97
200.6,1500053782,-92
200.5,1500054189,-96
200.6,1500054381,-92
200.5,1500054804,-97
200.6,1500054981,-92
200.5,1500055419,-97
200.6,1500055580,-93
200.5,1500056034,-96
200.6,1500056180,-92
200.5,1500056649,-97
200.6,1500056781,-92
200.5,1500057265,-96
200.6,1500057381,-92
200.5,1500057880,-97
200.6,1500057982,-92
200.5,1500058496,-96
200.6,1500058583,-93
200.5,1500059112,-97
200.6,1500059184,-92
200.5,1500059728,-96
200.6,1500059785,-92
200.5,1500060344,-97
200.6,1500060386,-92
200.5,1500060960,-97
200.6,1500060988,-92
200.5,1500061576,-96
200.6,1500061589,-92
200.6,1500062191,-93
200.5,1500062192,-97
200.6,1500062793,-93
200.5,1500062808,-97
200.6,1500063394,-93
200.5,1500063424,-96
200.6,1500063996,-92
200.5,1500064040,-96
200.6,1500064599,-92
200.5,1500064657,-97
200.6,1500065201,-92
200.5,1500065273,-97
200.6,1500065803,-92
200.5,1500065890,-97
200.6,1500066405,-92
200.5,1500066506,-97
200.6,1500067008,-93
200.5,1500067123,-97
200.6,1500067610,-92
200.5,1500067739,-96
200.6,1500068212,-92
200.5,1500068356,-97
200.6,1500068814,-92
200.5,1500068973,-97
200.6,1500069416,-92
200.5,1500069590,-96
200.6,1500070018,-92
200.5,1500070207,-97
200.6,1500070621,-92
200.5,1500070824,-97
200.6,1500071224,-92
200.5,1500071441,-97
200.6,1500071826,-92
200.5,1500072059,-97
200.6,1500072429,-92
200.5,1500072676,-97
200.6,1500073031,-93
200.5,1500073293,-97
200.6,1500073633,-92
200.5,1500073911,-96
200.6,1500074235,-92
200.5,1500074528,-96
200.6,1500074838,-93
200.5,1500075146,-97
200.6,1500075441,-92
200.5,1500075764,-97
200.6,1500076044,-92
200.5,1500076382,-97
200.6,1500076647,-92
200.5,1500077000,-96
200.6,1500077250,-93
200.5,1500077618,-96
200.6,1500077852,-92
200.5,1500078235,-98
200.6,1500078452,-92
200.5,1500078851,-97
200.6,1500079052,-92
200.5,1500079467,-97
200.6,1500079653,-92
200.5,1500080084,-97
200.6,1500080255,-92
200.5,1500080701,-97
200.6,1500080857,-92
200.5,1500081318,-98
200.6,1500081458,-92
200.5,1500081934,-97
200.6,1500082058,-92
200.5,1500082550,-97
200.6,1500082658,-92
200.5,1500083165,-96
200.6,1500083257,-92
200.5,1500083780,-98
200.6,1500083856,-92
200.5,1500084394,-98
200.6,1500084454,-92
200.5,1500085008,-97
200.6,1500085052,-92
200.5,1500085621,-97
200.6,1500085649,-93
200.5,1500086234,-97
200.6,1500086246,-93
200.6,1500086843,-92
200.5,1500086847,-97
200.6,1500087440,-92
200.5,1500087461,-97
200.6,1500088038,-93
200.5,1500088074,-97
200.6,1500088635,-92
200.5,1500088687,-97
200.6,1500089233,-92
200.5,1500089301,-96
200.6,1500089832,-92
200.5,1500089914,-97
200.6,1500090430,-92
200.5,1500090528,-96
200.6,1500091029,-92
200.5,1500091142,-97
200.6,1500091628,-93
200.5,1500091755,-97
200.6,1500092226,-92
200.5,1500092368,-97
200.6,1500092824,-93
200.5,1500092981,-97
200.6,1500093422,-92
200.5,1500093594,-97
200.6,1500094019,-93
200.5,1500094206,-97
200.6,1500094617,-92
200.5,1500094818,-97
200.6,1500095214,-92
200.5,1500095431,-96
200.6,1500095811,-92
200.5,1500096043,-97
200.6,1500096408,-92
200.5,1500096656,-97
200.6,1500097005,-92
200.5,1500097268,-97
200.6,1500097602,-92
200.5,1500097880,-97
200.6,1500098198,-92
200.5,1500098492,-96
200.6,1500098794,-92
200.5,1500099103,-96
200.6,1500099391,-92
200.5,1500099715,-97
200.6,1500099987,-93
200.5,1500100326,-97
200.6,1500100583,-92
200.5,1500100938,-97
200.6,1500101179,-92
200.5,1500101549,-97
200.6,1500101775,-92
200.5,1500102161,-97
200.6,1500102371,-92
200.5,1500102773,-97
200.6,1500102967,-92
200.5,1500103385,-97
200.6,1500103563,-92
200.5,1500103996,-96
200.6,1500104160,-92
200.5,1500104608,-96
200.6,1500104756,-93
200.5,1500105219,-97
200.6,1500105352,-92
200.5,1500105831,-96
200.6,1500105948,-92
200.5,1500106442,-96
200.6,1500106543,-93
200.5,1500107053,-97
200.6,1500107139,-92
200.5,1500107664,-97
200.6,1500107734,-92
200.5,1500108275,-97
200.6,1500108330,-92
200.5,1500108886,-96
200.6,1500108925,-92
200.5,1500109497,-97
200.6,1500109520,-92
200.5,1500110108,-96
200.6,1500110115,-92
200.6,1500110710,-92
200.5,1500110718,-97
200.6,1500111305,-93
200.5,1500111329,-96
200.6,1500111901,-92
200.5,1500111940,-97
200.6,1500112496,-93
200.5,1500112550,-96
200.6,1500113091,-92
200.5,1500113161,-97
200.6,1500113686,-92
200.5,1500113772,-96
200.6,1500114281,-92
200.5,1500114382,-97
200.6,1500114876,-92
200.5,1500114993,-97
200.6,1500115471,-92
200.5,1500115603,-98
200.6,1500116066,-92
200.5,1500116214,-98
200.6,1500116661,-92
200.5,1500116824,-97
200.6,1500117256,-92
200.5,1500117435,-96
200.6,1500117851,-92
200.5,1500118045,-97
200.6,1499818835,-92
200.6,1499819462,-92
200.6,1499819853,-92
200.6,1499820480,-92
200.6,1499821106,-92
200.6,1499821734,-92
200.5,1499821846,-104
200.6,1499822362,-92
200.6,1499822989,-92
200.5,1499823126,-104
200.6,1499823618,-92
200.6,1499824246,-92
200.5,1499824407,-104
200.6,1499824874,-92
200.5,1499825047,-104
200.6,1499825502,-92
200.6,1499826130,-91
200.5,1499826328,-105
200.6,1499826759,-92
200.5,1499826969,-107
200.5,1499826969,-106
200.6,1499827387,-92
200.5,1499827609,-105
200.6,1499828015,-92
200.5,1499828250,-105
200.6,1499828643,-92
200.6,1499829272,-92
200.5,1499829531,-107
200.6,1499829900,-92
200.5,1499830171,-105
200.6,1499830528,-92
200.6,1499831156,-92
200.6,1499831785,-92
200.6,1499832413,-92
200.6,1499833041,-92
200.5,1499833372,-107
200.6,1499833669,-92
200.5,1499834012,-104
200.6,1499834297,-92
200.5,1499834651,-104
200.6,1499834924,-92
200.5,1499835290,-104
200.6,1499835552,-92
200.6,1499836179,-92
200.6,1499836807,-92
200.5,1499837208,-106
200.6,1499837434,-92
200.6,1499838061,-92
200.5,1499838484,-106
200.6,1499838687,-92
200.5,1499839121,-106
200.6,1499839313,-92
200.6,1499839939,-92
200.5,1499840394,-106
200.6,1499840565,-92
200.5,1499841031,-104
200.6,1499841190,-92
200.5,1499841667,-106
200.6,1499841816,-92
200.6,1499842441,-92
200.5,1499842939,-105
200.5,1499842939,-108
200.6,1499843066,-92
200.6,1499843691,-92
200.5,1499844210,-106
200.6,1499844316,-92
200.5,1499844846,-106
200.6,1499844940,-91
200.5,1499845481,-105
200.6,1499845565,-92
200.5,1499846116,-104
200.6,1499846189,-92
200.5,1499846751,-107
200.6,1499846814,-92
200.6,1499847438,-92
200.5,1499848022,-105
200.5,1499848022,-106
200.6,1499848063,-92
200.5,1499848657,-105
200.6,1499848687,-92
200.5,1499849291,-104
200.6,1499849311,-92
200.5,1499849926,-106
200.6,1499849935,-92
200.6,1499850559,-92
200.6,1499851183,-91
200.5,1499851196,-105
200.5,1499851196,-106
200.6,1499851807,-92
200.5,1499851831,-105
200.6,1499852431,-92
200.5,1499852466,-106
200.6,1499853055,-92
200.5,1499853100,-104
200.6,1499853679,-92
200.6,1499854302,-92
200.5,1499854369,-105
200.6,1499854926,-92
200.5,1499855004,-105
200.6,1499855550,-92
200.5,1499855639,-105
200.6,1499856173,-92
200.5,1499856273,-107
200.6,1499856797,-92
200.6,1499857420,-92
200.5,1499857542,-104
200.6,1499858043,-92
200.5,1499858176,-104
200.6,1499858667,-92
200.5,1499858811,-105
200.6,1499859290,-92
200.5,1499859445,-107
200.6,1499859913,-92
200.6,1499860536,-92
200.5,1499860713,-104
200.6,1499861160,-92
200.5,1499861347,-104
200.6,1499861783,-92
200.6,1499862406,-92
200.5,1499862615,-106
200.6,1499863029,-92
200.5,1499863249,-105
200.6,1499863652,-92
200.5,1499863883,-104
200.6,1499864275,-92
200.5,1499864516,-105
200.6,1499864898,-92
200.6,1499865521,-92
200.5,1499865784,-105
200.6,1499866144,-92
200.5,1499866418,-105
200.6,1499866767,-92
200.6,1499867390,-92
200.5,1499867685,-104
200.6,1499868013,-92
200.5,1499868319,-103
200.6,1499868636,-92
200.5,1499868952,-104
200.6,1499869259,-92
200.6,1499869882,-92
200.5,1499870221,-108
200.6,1499870506,-92
200.5,1499870855,-105
200.5,1499870855,-105
200.6,1499871129,-92
200.5,1499871490,-104
200.6,1499871752,-92
200.5,1499872125,-104
200.6,1499872376,-92
200.5,1499872760,-104
200.6,1499873000,-92
200.5,1499873395,-105
200.6,1499873624,-92
200.5,1499874031,-104
200.6,1499874248,-92
200.6,1499874872,-92
200.5,1499875303,-104
200.6,1499875497,-92
200.5,1499875940,-108
200.6,1499876122,-92
200.6,1499876747,-91
200.5,1499877215,-107
200.6,1499877372,-92
200.6,1499877998,-92
200.5,1499878489,-107
200.6,1499878623,-92
200.5,1499879126,-105
200.6,1499879248,-92
200.5,1499879762,-104
200.5,1499879763,-105
200.6,1499879874,-92
200.6,1499880499,-92
200.5,1499881036,-105
200.6,1499881124,-92
200.5,1499881672,-104
200.5,1499881672,-106
200.6,1499881750,-92
200.5,1499882309,-107
200.6,1499882375,-92
200.5,1499882945,-106
200.6,1499883001,-92
200.6,1499883627,-92
200.6,1499884253,-92
200.5,1499884858,-106
200.6,1499884879,-91
200.5,1499885496,-106
200.6,1499885505,-92
200.6,1499886132,-92
200.6,1499886758,-92
200.5,1499886771,-104
200.6,1499887385,-92
200.5,1499887409,-105
200.6,1499888011,-92
200.5,1499888047,-106
200.6,1499888637,-92
200.6,1499889263,-92
200.5,1499889320,-104
200.6,1499889888,-92
200.5,1499889956,-103
200.6,1499890513,-92
200.5,1499890592,-104
200.6,1499910532,-92
200.6,1499911129,-93
200.6,1499911727,-93
200.5,1499912064,-96
200.6,1499912324,-93
200.5,1499912677,-96
200.6,1499912922,-93
200.5,1499913290,-97
200.6,1499913519,-92
200.5,1499913902,-97
200.6,1499914117,-92
200.5,1499914515,-97
200.6,1499914714,-92
200.5,1499915127,-96
200.6,1499915311,-93
200.5,1499915740,-97
200.6,1499915908,-93
200.5,1499916353,-97
200.6,1499916506,-92
200.5,1499916966,-96
200.6,1499917103,-92
200.5,1499917578,-97
200.6,1499917700,-92
200.5,1499918191,-97
200.6,1499918297,-93
200.5,1499918803,-96
200.6,1499918893,-93
200.5,1499919415,-96
200.6,1499919490,-92
200.5,1499920027,-96
200.6,1499920087,-92
200.5,1499920639,-96
200.6,1499920684,-93
200.5,1499921251,-97
200.6,1499921280,-92
200.5,1499921863,-97
200.6,1499921876,-92
200.6,1499922472,-92
200.5,1499922474,-97
200.6,1499923068,-93
200.5,1499923086,-97
200.6,1499923664,-94
200.5,1499923697,-96
200.6,1499924259,-92
200.5,1499924309,-97
200.6,1499924855,-93
200.5,1499924920,-96
200.6,1499925451,-92
200.5,1499925532,-96
200.6,1499926046,-94
200.5,1499926143,-97
200.6,1499926642,-92
200.5,1499926754,-96
200.6,1499927237,-92
200.5,1499927365,-97
200.6,1499927833,-92
200.5,1499927976,-97
200.6,1499928428,-92
200.5,1499928587,-97
200.6,1499929023,-92
200.5,1499929198,-97
200.6,1499929618,-92
200.5,1499929809,-96
200.6,1499930214,-92
200.5,1499930419,-96
200.6,1499930809,-92
200.5,1499931030,-97
200.6,1499931404,-92
200.5,1499931641,-97
200.6,1499931998,-93
200.5,1499932251,-96
200.6,1499932593,-92
200.5,1499932861,-96
200.6,1499933188,-92
200.5,1499933472,-97
200.6,1499933783,-92
200.5,1499934082,-96
200.6,1499934378,-93
200.5,1499934692,-97
200.6,1499934972,-92
200.5,1499935302,-96
200.6,1499935567,-92
200.5,1499935912,-97
200.6,1499936162,-93
200.5,1499936522,-97
200.6,1499936756,-93
200.5,1499937132,-97
200.6,1499937350,-92
200.5,1499937742,-97
200.6,1499937944,-92
200.5,1499938352,-96
200.6,1499938538,-92
200.5,1499938961,-97
200.6,1499939132,-92
200.5,1499939571,-96
200.6,1499939726,-92
200.5,1499940180,-96
200.6,1499940320,-93
200.5,1499940789,-97
200.6,1499940914,-93
200.5,1499941398,-97
200.6,1499941508,-92
200.5,1499942007,-96
200.6,1499942101,-92
200.5,1499942616,-96
200.6,1499942695,-93
200.5,1499943225,-96
200.6,1499943289,-93
200.5,1499943834,-97
200.6,1499943882,-92
200.5,1499944443,-97
200.6,1499944476,-93
200.5,1499945052,-97
200.6,1499945069,-93
200.5,1499945660,-97
200.6,1499945663,-93
200.6,1499946256,-93
200.5,1499946269,-97
200.6,1499946850,-93
200.5,1499946878,-97
200.6,1499947443,-92
200.5,1499947487,-97
200.6,1499948037,-93
200.5,1499948096,-96
200.6,1499948630,-92
200.5,1499948705,-97
200.6,1499949224,-92
200.5,1499949314,-98
200.6,1499949817,-92
200.5,1499949923,-97
200.6,1499950411,-92
200.5,1499950532,-97
200.6,1499951004,-92
200.5,1499951141,-97
200.6,1499951598,-92
200.5,1499951751,-96
200.6,1499952192,-92
200.5,1499952360,-97
200.6,1499952786,-92
200.5,1499952970,-96
200.6,1499953380,-92
200.5,1499953579,-97
200.6,1499953973,-93
200.5,1499954189,-97
200.6,1499954567,-92
200.5,1499954799,-97
200.6,1499955161,-92
200.5,1499955409,-96
200.6,1499955756,-92
200.5,1499956019,-97
200.6,1499956350,-92
200.5,1499956630,-97
200.6,1499956944,-92
200.5,1499957240,-96
200.6,1499957539,-92
200.5,1499957851,-97
200.6,1499958133,-92
200.5,1499958462,-97
200.6,1499958728,-92
200.5,1499959074,-96
200.6,1499959323,-92
200.5,1499959685,-96
200.6,1499959918,-93
200.5,1499960297,-97
200.6,1499960513,-93
200.5,1499960908,-97
200.6,1499961108,-93
200.5,1499961520,-97
200.6,1499961704,-92
200.5,1499962132,-97
200.6,1499962300,-92
200.5,1499962745,-97
200.6,1499962896,-92
200.5,1499963357,-96
200.6,1499963492,-93
200.5,1499963970,-97
200.6,1499964088,-92
200.5,1499964582,-97
200.6,1499964685,-92
200.5,1499965195,-97
200.6,1499965282,-93
200.5,1499965808,-97
200.6,1499965879,-92
200.5,1499966421,-97
200.6,1499966477,-93
200.5,1499967035,-97
200.6,1499967074,-92
200.5,1499967649,-96
200.6,1499967672,-93
200.5,1499968262,-97
200.6,1499968271,-92
200.6,1499968869,-92
200.5,1499968876,-97
200.6,1499969468,-93
200.5,1499969490,-97
200.6,1499970067,-92
200.5,1499970104,-96
200.6,1499970666,-93
200.5,1499970718,-96
200.6,1499971265,-92
200.5,1499971332,-96
200.6,1499971865,-92
200.5,1499971947,-96
200.6,1499972464,-92
200.5,1499972561,-97
200.6,1499973064,-93
200.5,1499973175,-97
200.6,1499973664,-92
200.5,1499973790,-96
200.6,1499974263,-92
200.5,1499974404,-97
200.6,1499974863,-93
200.5,1499975019,-97
200.6,1499975463,-92
200.5,1499975633,-97
200.6,1499976062,-92
200.5,1499976248,-96
200.6,1499976662,-92
200.5,1499976862,-96
200.6,1499977262,-92
200.5,1499977477,-97
200.6,1499977863,-92
200.5,1499978092,-96
200.6,1499978464,-92
200.5,1499978708,-97
200.6,1499979064,-93
200.5,1499979323,-96
200.6,1499979665,-92
200.5,1499979938,-97
200.6,1499980267,-92
200.5,1499980554,-97
200.6,1499980868,-92
200.5,1499981169,-96
200.6,1499981469,-93
200.5,1499981785,-97
200.6,1499982070,-93
200.5,1499982401,-96
200.6,1499982671,-92
200.5,1499983016,-96
200.6,1499983273,-92
200.5,1499983633,-96
200.6,1499983874,-92
200.5,1499984249,-96
200.6,1499984476,-92
200.5,1499984865,-97
200.6,1499985077,-93
200.5,1499985481,-97
200.6,1499985679,-92
200.5,1499986098,-97
200.6,1499986280,-92
200.5,1499986714,-97
200.6,1499986882,-92
200.5,1499987331,-97
200.6,1499987483,-93
200.5,1499987947,-96
200.6,1499988085,-92
200.5,1499988564,-96
200.6,1499988686,-92
200.5,1499989181,-97
200.6,1499989288,-92
200.5,1499989797,-97
200.6,1499989889,-92
200.5,1499990414,-97
200.6,1499990491,-92
200.5,1499991031,-97
200.6,1499991092,-92
200.5,1501106455,-96
200.5,1501106816,-96
200.6,1501106863,-91
