100.10,1199,-0.01,-1,-1,-0.01,-1,-0.01,-1,-0.01,-1,-0.01,-1,-0.01,-1,-0.01,-1,-0.01,-1,-0.01,65535
100.10,1439,-0.01,-1,-1,-0.01,-1,-0.01,-1,-0.01,-1,-0.01,-1,-0.01,-1,-0.01,-1,-0.01,-1,-0.01,65535
100.10,1679,-0.01,-1,-1,-0.01,-1,-0.01,-1,-0.01,-1,-0.01,-1,-0.01,-1,-0.01,-1,-0.01,-1,-0.01,65535
100.10,1919,-0.01,-1,-1,-0.01,-1,-0.01,-1,-0.01,-1,-0.01,-1,-0.01,-1,-0.01,-1,-0.01,-1,-0.01,65535
100.10,2159,-0.01,-1,-1,-0.01,-1,-0.01,-1,-0.01,-1,-0.01,-1,-0.01,-1,-0.01,-1,-0.01,-1,-0.01,65535
100.10,2399,-0.01,-1,-1,-0.01,-1,-0.01,-1,-0.01,-1,-0.01,-1,-0.01,-1,-0.01,-1,-0.01,-1,-0.01,65535
100.10,2639,-0.01,-1,-1,-0.01,-1,-0.01,-1,-0.01,-1,-0.01,-1,-0.01,-1,-0.01,-1,-0.01,-1,-0.01,65535
100.10,2879,-0.01,-1,-1,-0.01,-1,-0.01,-1,-0.01,-1,-0.01,-1,-0.01,-1,-0.01,-1,-0.01,-1,-0.01,65535
100.10,3119,-0.01,-1,-1,-0.01,-1,-0.01,-1,-0.01,-1,-0.01,-1,-0.01,-1,-0.01,-1,-0.01,-1,-0.01,65535
100.10,3359,-0.01,-1,-1,-0.01,-1,-0.01,-1,-0.01,-1,-0.01,-1,-0.01,-1,-0.01,-1,-0.01,-1,-0.01,65535
100.10,3599,-0.01,-1,-1,-0.01,-1,-0.01,-1,-0.01,-1,-0.01,-1,-0.01,-1,-0.01,-1,-0.01,-1,-0.01,65535
100.10,3839,-0.01,-1,-1,-0.01,-1,-0.01,-1,-0.01,-1,-0.01,-1,-0.01,-1,-0.01,-1,-0.01,-1,-0.01,65535
100.10,4079,-0.01,-1,-1,-0.01,-1,-0.01,-1,-0.01,-1,-0.01,-1,-0.01,-1,-0.01,-1,-0.01,-1,-0.01,65535
100.10,4319,-0.01,-1,-1,-0.01,-1,-0.01,-1,-0.01,-1,-0.01,-1,-0.01,-1,-0.01,-1,-0.01,-1,-0.01,65535
100.10,4559,-0.01,-1,-1,-0.01,-1,-0.01,-1,-0.01,-1,-0.01,-1,-0.01,-1,-0.01,-1,-0.01,-1,0.00,65535
100.10,1497888483,12.88,20,205771,12.40,1113,0.00,171626,12.22,171913,15.34,1387,18.25,214470,12.13,-2147483648,0.00,-1614819968,0.00,1
100.10,1497888939,12.88,24,204097,11.59,2200,0.00,170708,13.03,170827,15.16,1457,20.53,213016,11.59,-39980000,0.00,-39930000,0.00,2
100.10,1497889390,12.88,21,204054,10.86,2200,0.00,170676,13.03,170837,14.72,1493,22.20,212896,10.95,-39970000,0.00,-39940000,0.00,3
100.10,1497890292,12.88,19,204290,9.21,2201,0.00,170973,11.77,171213,13.65,1449,17.10,213257,9.67,-39890000,0.00,-39870000,0.00,5
100.10,1497890743,12.88,18,204328,8.56,2200,0.00,170984,10.77,171287,12.67,1463,17.28,213241,8.56,-39850000,0.00,-39840000,0.00,6
100.10,1497891193,12.88,18,204274,7.91,2200,0.00,170931,10.41,171255,12.04,1475,17.54,213122,8.00,-39910000,0.00,-39840000,0.00,7
100.10,1497891644,12.88,19,203673,7.81,2201,0.00,170394,10.13,170735,11.68,1502,20.44,212423,8.10,-39890000,0.00,-39830000,0.00,8
100.10,1497892095,12.88,20,203310,7.63,2201,0.00,170108,9.95,170465,11.95,1473,19.83,212080,8.00,-39850000,0.00,-39820000,0.00,9
100.10,1497892546,12.90,21,203226,7.63,2202,0.00,170157,11.32,170540,12.13,1421,16.13,212284,8.28,-39780000,0.00,-39750000,0.00,10
100.10,1497892997,12.88,20,203553,7.53,2202,0.00,170348,11.77,170695,12.67,1459,17.02,212400,8.38,-39880000,0.00,-39800000,0.00,11
100.10,1497893448,12.88,20,203551,7.63,2202,0.00,170429,11.68,170800,13.21,1425,15.34,212604,8.19,-39830000,0.00,-39820000,0.00,12
100.10,1497893448,12.87,19,203988,7.06,2202,0.00,170808,10.32,171207,11.95,1401,12.58,213084,7.34,-39820000,0.00,-39830000,0.00,13
100.10,1497894349,12.88,17,204374,6.58,2201,0.00,171119,9.76,171537,11.23,1407,11.50,213447,6.77,-39840000,0.00,-39810000,0.00,14
100.10,1497894800,12.88,17,204544,6.58,2201,0.00,171267,9.40,171700,11.04,1401,11.14,213650,7.91,-39830000,0.00,-39780000,0.00,15
100.10,1497895250,12.87,16,204780,7.53,2202,0.00,171409,10.04,171825,11.77,1417,11.68,213813,8.56,-39760000,0.00,-39800000,0.00,16
100.10,1497895700,12.87,16,204603,9.58,2202,0.00,171206,10.41,171585,12.94,1429,13.21,213735,11.86,-39840000,0.00,-39830000,0.00,17
100.10,1497896151,12.88,16,204741,9.67,2203,0.00,171249,9.86,171628,12.94,1432,12.94,213840,12.04,-39820000,0.00,-39870000,0.00,18
100.10,1497896601,12.88,15,204913,9.58,2202,0.00,171413,9.21,171816,12.76,1426,12.04,214095,11.23,-39840000,0.00,-39810000,0.00,19
100.10,1497897052,12.88,15,204990,9.76,2202,0.00,171394,9.58,171780,12.94,1445,13.74,213994,12.58,-39960000,0.00,-39820000,0.00,20
100.10,1497897502,12.87,17,204468,11.59,2202,0.00,170891,10.95,171264,13.83,1461,15.87,213450,14.10,-39620000,0.00,-39610000,0.00,21
100.10,1497897953,12.88,18,204075,11.04,2203,0.00,170566,12.04,170942,14.10,1452,15.69,213067,13.56,-39680000,0.00,-39720000,0.00,22
100.10,1497898404,12.87,19,203752,10.41,2203,0.00,170332,13.12,170690,14.10,1436,15.25,212777,11.59,-39820000,0.00,-39780000,0.00,23
100.10,1497898854,12.88,19,203586,10.32,2203,0.00,170213,13.21,170547,14.19,1436,15.52,212614,10.86,-39800000,0.00,-39780000,0.00,24
100.10,1497899305,12.88,20,203472,10.32,2202,0.00,170136,13.65,170464,14.28,1431,15.69,212498,10.59,-39790000,0.00,-39770000,0.00,25
100.10,1497899756,12.88,20,203418,10.13,2202,0.00,170120,13.30,170417,14.10,1428,15.43,212443,10.32,-39770000,0.00,-39750000,0.00,26
100.10,1497900658,12.88,19,203871,9.49,2203,0.00,170595,12.04,170892,13.21,1400,13.38,213027,9.30,-39750000,0.00,-39780000,0.00,28
100.10,1497901109,12.88,19,203783,9.58,2202,0.00,170465,12.76,170746,13.47,1422,13.83,212831,9.40,-39820000,0.00,-39730000,0.00,29
100.10,1497901559,12.88,18,203823,9.30,2203,0.00,170585,11.68,170891,12.94,1399,12.49,213036,8.75,-39780000,0.00,-39770000,0.00,30
100.10,1497902010,12.88,17,204209,8.66,2202,0.00,170890,10.86,171195,12.31,1410,11.59,213362,8.19,-39810000,0.00,-39760000,0.00,31
100.10,1497902460,12.88,17,204219,8.47,2202,0.00,170895,11.04,171183,12.22,1423,11.95,213315,8.10,-39850000,0.00,-39780000,0.00,32
100.10,1497902911,12.88,18,203924,8.66,2202,0.00,170646,11.95,170907,12.49,1433,12.85,212984,8.38,-39760000,0.00,-39810000,0.00,33
100.10,1497903362,12.87,19,203684,9.03,2202,0.00,170467,12.13,170715,12.85,1431,13.56,212775,8.66,-39790000,0.00,-39800000,0.00,34
100.10,1497903813,12.88,19,203528,9.40,2203,0.00,170360,12.58,170583,13.21,1427,14.19,212658,8.93,-39770000,0.00,-39770000,0.00,35
100.10,1497904263,12.87,18,203901,9.03,2203,0.00,170741,11.23,170982,12.67,1394,12.49,213197,8.47,-39800000,0.00,-39740000,0.00,36
100.10,1497904714,12.87,16,204411,8.38,2202,0.00,171189,10.50,171431,12.04,1400,11.41,213724,7.91,-39820000,0.00,-39760000,0.00,37
100.10,1497905164,12.87,15,204756,8.00,2206,0.00,171482,10.04,171712,11.50,1404,10.77,214057,7.34,-39820000,0.00,-39800000,0.00,38
100.10,1497905615,12.87,14,204957,7.63,2202,0.00,171662,9.76,171896,11.14,1409,10.22,214269,6.96,-39840000,0.00,-39740000,0.00,39
100.10,1497906065,12.85,14,205135,7.34,2204,0.00,171830,9.30,172077,10.86,1413,9.58,214477,6.77,-39860000,0.00,-39780000,0.00,40
100.10,1497906965,12.85,12,205426,6.96,2202,0.00,172094,9.03,172346,10.68,1422,9.21,214794,6.58,-39960000,0.00,-39810000,0.00,42
100.10,1497907415,12.85,12,205542,7.06,2203,0.00,172202,9.21,172463,10.77,1427,9.12,214942,6.68,-40100000,0.00,-39830000,0.00,43
100.10,1497907865,12.85,12,205674,7.15,2202,0.00,172304,9.03,172559,10.68,1431,8.93,215078,6.96,-40420000,0.00,-39890000,0.00,44
100.10,1497909215,12.83,11,205996,7.06,2201,0.00,172590,8.38,172845,10.59,1451,8.28,215479,7.06,-40760000,0.00,-40740000,0.00,47
100.10,1497910115,12.83,10,206104,7.15,2198,0.00,172668,7.25,172934,10.22,1456,8.10,215578,7.44,-41250000,0.00,-40730000,0.00,49
100.10,1497910565,12.82,10,206117,7.34,2201,0.00,172680,7.15,172933,10.41,1455,8.00,215584,7.34,-40040000,0.00,-46230000,0.00,50
100.10,1497911015,12.82,10,206166,7.81,2199,0.00,172704,7.15,172966,10.59,1462,8.10,215637,7.91,-41000000,0.00,-46980000,0.00,51
100.10,1497911465,12.82,10,206197,8.00,2202,0.00,172716,7.25,172977,10.59,1471,8.47,215642,7.91,-39950000,0.00,-46880000,0.00,52
100.10,1497911914,12.82,10,206215,8.19,2202,0.00,172752,7.25,173052,10.59,1490,8.38,215720,7.81,-39810000,0.00,-40620000,0.00,53
100.10,1497912364,12.80,10,206435,8.10,2199,0.00,172931,6.96,173241,10.50,1524,8.00,215882,7.44,-41510000,0.00,-45370000,0.00,54
100.10,1497913264,12.80,10,206517,7.91,2199,0.00,173002,6.77,173325,10.22,1535,7.63,215974,7.15,-41290000,0.00,-47000000,0.00,56
100.10,1497913714,12.80,9,206582,7.63,2199,0.00,173056,6.39,173403,9.95,1536,7.06,216047,6.77,-41510000,0.00,-41170000,0.00,57
100.10,1497914163,12.80,9,206624,6.77,2201,0.00,173106,6.01,173460,9.49,1537,6.49,216094,5.72,-41180000,0.00,-47640000,0.00,58
100.10,1497915063,12.80,8,206740,5.62,2200,0.00,173242,5.33,173607,8.75,1531,4.65,216249,4.94,-41040000,0.00,-41750000,0.00,60
100.10,1497915962,12.79,7,206933,4.75,2200,0.00,173444,4.75,173818,8.10,1534,3.36,216502,4.06,-41710000,0.00,-41010000,0.00,62
100.10,1497916411,12.79,6,207086,4.35,2198,0.00,173589,4.25,173971,7.81,1540,2.65,216659,3.76,-42260000,0.00,-41540000,0.00,63
100.10,1497916411,12.77,6,207231,4.06,2194,0.00,173733,3.76,174120,7.53,1544,2.14,216843,3.56,-42870000,0.00,-42430000,0.00,64
100.10,1497917760,12.79,4,207523,3.66,2185,0.00,173992,3.46,174388,7.34,1570,2.55,217130,3.36,-43930000,0.00,-51930000,0.00,66
100.10,1497918658,12.77,5,207527,3.86,2179,0.00,173992,4.25,174391,7.53,1584,3.16,217108,3.66,-43890000,0.00,-51880000,0.00,68
100.10,1497919108,12.77,5,207517,3.76,2199,0.00,173990,4.06,174395,7.53,1583,2.96,217109,3.46,-44200000,0.00,-52540000,0.00,69
100.10,1497919557,12.77,5,207533,3.76,2181,0.00,174006,3.96,174414,7.44,1585,2.96,217132,3.46,-43950000,0.00,-51750000,0.00,70
100.10,1497920006,12.76,4,207542,3.76,2185,0.00,174016,4.06,174425,7.34,1593,2.96,217129,3.46,-43790000,0.00,-52010000,0.00,71
100.10,1497920456,12.77,5,207512,3.76,2187,0.00,173985,4.25,174397,7.34,1593,2.85,217088,3.46,-43800000,0.00,-53060000,0.00,72
100.10,1497921355,12.76,5,207420,3.76,2189,0.00,173913,4.55,174337,7.34,1603,3.46,216996,3.56,-43680000,0.00,-51140000,0.00,74
100.10,1497921804,12.76,5,207407,3.76,2166,0.00,173903,4.55,174330,7.44,1606,3.66,216986,3.56,-43950000,0.00,-52620000,0.00,75
100.10,1497922703,12.76,5,207379,3.76,2166,0.00,173875,5.04,174296,8.38,1618,4.65,216939,4.16,-43640000,0.00,-51470000,0.00,77
100.10,1497923602,12.76,6,207342,3.96,2188,0.00,173851,5.23,174279,8.00,1618,4.65,216910,3.96,-43550000,0.00,-50480000,0.00,79
100.10,1497924051,12.76,6,207342,4.25,2167,0.00,173835,6.01,174259,8.47,1627,5.72,216885,4.35,-43480000,0.00,-51810000,0.00,80
100.10,1497924501,12.76,6,207300,4.55,2184,0.00,173785,6.20,174212,8.66,1631,5.91,216825,4.55,-43470000,0.00,-51550000,0.00,81
100.10,1497924950,12.76,6,207265,4.65,2191,0.00,173751,5.91,174182,8.84,1630,5.82,216786,4.55,-43250000,0.00,-51240000,0.00,82
100.10,1497925399,12.76,7,207258,4.65,2190,0.00,173746,6.01,174180,8.75,1628,5.62,216784,4.45,-43400000,0.00,-50890000,0.00,83
100.10,1497925849,12.74,6,207263,4.55,2190,0.00,173747,5.91,174186,8.66,1630,5.53,216789,4.25,-43160000,0.00,-51450000,0.00,84
100.10,1497926298,12.74,7,207272,4.25,2191,0.00,173749,5.33,174206,8.19,1627,4.84,216796,3.86,-43130000,0.00,-50960000,0.00,85
100.10,1497927197,12.76,6,207331,3.76,2190,0.00,173807,4.35,174285,8.00,1632,4.06,216883,3.66,-43250000,0.00,-51320000,0.00,87
100.10,1497928996,12.74,6,207386,4.16,2177,0.00,173849,5.72,174325,8.47,1647,5.53,216916,4.25,-43660000,0.00,-50500000,0.00,91
100.10,1497929445,12.74,6,207359,4.55,2163,0.00,173812,5.82,174289,8.66,1649,5.62,216880,4.35,-43480000,0.00,-45230000,0.00,92
100.10,1497929894,12.76,6,207338,4.84,2187,0.00,173781,6.01,174253,8.84,1650,5.82,216850,4.55,-43470000,0.00,-50310000,0.00,93
100.10,1497930344,12.74,6,207317,4.94,2167,0.00,173753,5.91,174233,9.03,1653,5.91,216820,4.65,-43480000,0.00,-50160000,0.00,94
100.10,1497932592,12.74,7,207173,5.43,2189,0.00,173599,6.77,174087,9.86,1659,6.87,216634,5.23,-43080000,0.00,-50030000,0.00,99
100.10,1497933041,12.76,7,207115,5.53,2182,0.00,173545,6.96,174040,9.95,1662,7.06,216565,5.23,-43030000,0.00,-49300000,0.00,100
100.10,1497933491,12.76,7,207052,5.53,2182,0.00,173493,7.06,173996,9.95,1657,7.15,216508,5.14,-42780000,0.00,-49080000,0.00,101
100.10,1497934840,12.76,8,206935,5.62,2194,0.00,173384,7.15,173896,10.59,1655,7.34,216382,5.53,-42470000,0.00,-42630000,0.00,104
100.10,1497936189,12.76,8,207198,5.72,2183,0.00,173647,6.77,174167,10.59,1693,7.15,216666,5.43,-42300000,0.00,-44770000,0.00,107
100.10,1497936639,12.74,8,207253,5.62,2184,0.00,173704,6.58,174230,10.59,1709,7.15,216721,5.43,-42600000,0.00,-43400000,0.00,108
100.10,1497937088,12.76,7,207249,5.43,2177,0.00,173698,6.58,174232,10.50,1717,7.15,216704,5.33,-42670000,0.00,-49440000,0.00,109
100.10,1497937538,12.74,8,207199,5.23,2178,0.00,173666,6.68,174212,10.50,1722,7.25,216646,5.14,-42420000,0.00,-49710000,0.00,110
100.10,1497937987,12.74,8,207147,5.23,2182,0.00,173629,6.96,174173,10.59,1731,7.44,216591,5.33,-42420000,0.00,-48510000,0.00,111
100.10,1497938437,12.76,8,207078,5.14,2172,0.00,173578,7.06,174138,10.50,1729,7.34,216515,4.94,-42190000,0.00,-48570000,0.00,112
100.10,1497938887,12.74,8,207022,4.94,2176,0.00,173535,7.06,174096,10.41,1724,7.25,216463,5.04,-42260000,0.00,-48670000,0.00,113
100.10,1497939336,12.76,9,206981,5.04,2181,0.00,173501,7.15,174067,10.50,1724,7.34,216419,5.23,-42210000,0.00,-49430000,0.00,114
100.10,1497940236,12.74,9,206915,5.14,2186,0.00,173432,7.15,174005,10.59,1726,7.63,216340,5.33,-42100000,0.00,-42190000,0.00,116
100.10,1497940686,12.76,9,206850,5.14,2189,0.00,173379,7.44,173956,10.86,1728,7.91,216271,5.43,-41700000,0.00,-49110000,0.00,117
100.10,1497941135,12.76,10,206778,5.23,2191,0.00,173319,7.53,173893,11.23,1728,8.19,216191,5.53,-41600000,0.00,-48400000,0.00,118
100.10,1497941585,12.76,10,206688,5.14,2192,0.00,173235,7.53,173812,11.32,1726,8.47,216087,5.23,-41600000,0.00,-48350000,0.00,119
100.10,1497942485,12.76,12,206339,5.23,2197,0.00,172922,8.00,173493,11.86,1721,9.58,215649,5.43,-40590000,0.00,-46300000,0.00,121
100.10,1497943836,12.77,18,205311,6.10,2201,0.00,172036,9.30,172602,12.76,1676,10.41,214621,6.49,-39890000,0.00,-39970000,0.00,124
100.10,1497944737,12.77,13,205797,6.01,2200,0.00,172466,7.91,173066,12.04,1679,8.84,215200,5.91,-39950000,0.00,-44720000,0.00,126
100.10,1497945187,12.77,12,206004,5.82,2201,0.00,172632,7.34,173243,11.86,1688,8.66,215408,5.72,-40140000,0.00,-45220000,0.00,127
100.10,1497945637,12.79,11,206129,5.62,2200,0.00,172742,7.44,173349,11.77,1694,8.56,215535,5.72,-40450000,0.00,-45830000,0.00,128
100.10,1497946087,12.77,11,206198,5.53,2198,0.00,172800,7.44,173411,11.86,1697,8.75,215609,5.82,-40510000,0.00,-46540000,0.00,129
100.10,1497946537,12.77,11,206245,5.53,2199,0.00,172833,7.34,173449,11.77,1698,8.56,215654,5.82,-40300000,0.00,-46110000,0.00,130
100.10,1497946987,12.77,10,206289,5.33,2200,0.00,172873,7.15,173496,11.68,1696,8.28,215700,5.53,-40180000,0.00,-46960000,0.00,131
100.10,1497947437,12.77,10,206295,5.04,2199,0.00,172877,7.15,173514,11.04,1699,8.38,215696,4.94,-40510000,0.00,-47040000,0.00,132
100.10,1497947886,12.77,10,206259,4.75,2198,0.00,172854,7.25,173496,11.14,1704,8.47,215663,4.84,-40380000,0.00,-46790000,0.00,133
100.10,1497947886,12.76,11,206236,4.55,2199,0.00,172843,6.58,173490,10.77,1696,8.19,215656,4.75,-40430000,0.00,-47060000,0.00,134
100.10,1497948786,12.77,10,206215,4.55,2199,0.00,172830,6.49,173479,10.86,1696,8.47,215640,5.23,-40410000,0.00,-47260000,0.00,135
100.10,1497949236,12.77,11,206184,4.55,2199,0.00,172795,6.30,173453,10.86,1693,8.47,215608,5.04,-40190000,0.00,-41040000,0.00,136
100.10,1497949236,12.76,11,206103,4.35,2199,0.00,172726,6.20,173394,9.95,1693,8.38,215511,4.35,-40190000,0.00,-40090000,0.00,137
100.10,1497950136,12.77,11,205979,4.16,2199,0.00,172618,6.01,173294,9.40,1698,8.93,215373,4.06,-40100000,0.00,-40090000,0.00,138
100.10,1497950586,12.77,12,205856,4.06,2200,0.00,172519,5.72,173205,9.03,1691,8.38,215256,3.86,-40040000,0.00,-39960000,0.00,139
100.10,1497951036,12.79,12,205738,3.96,2201,0.00,172415,5.62,173107,8.84,1689,8.10,215131,3.76,-39960000,0.00,-39930000,0.00,140
100.10,1497951486,12.77,13,205619,3.96,2202,0.00,172312,5.62,173007,8.84,1692,9.30,215001,3.86,-39920000,0.00,-39860000,0.00,141
100.10,1497952387,12.79,14,205406,3.96,2202,0.00,172132,5.72,172838,8.84,1686,10.22,214792,3.86,-39920000,0.00,-39830000,0.00,143
100.10,1497952837,12.77,14,205338,3.86,2201,0.00,172080,5.72,172787,8.84,1686,10.50,214731,3.76,-39850000,0.00,-39850000,0.00,144
100.10,1497953287,12.79,14,205311,3.86,2201,0.00,172059,5.62,172772,8.66,1684,9.86,214715,3.66,-39900000,0.00,-39820000,0.00,145
100.10,1497953737,12.79,14,205309,3.76,2202,0.00,172056,5.43,172775,8.56,1686,9.76,214719,3.56,-39850000,0.00,-39820000,0.00,146
100.10,1497954187,12.79,14,205348,3.76,2201,0.00,172095,5.43,172811,8.56,1681,9.76,214769,3.56,-39860000,0.00,-39830000,0.00,147
100.10,1497954638,12.79,13,205396,3.66,2201,0.00,172129,5.33,172850,8.56,1689,9.30,214813,3.56,-39850000,0.00,-39830000,0.00,148
100.10,1497955989,12.79,14,205201,4.06,2201,0.00,171944,6.39,172662,10.13,1693,10.41,214586,4.16,-39810000,0.00,-39850000,0.00,151
100.10,1497956890,12.79,15,205073,4.06,2201,0.00,171814,6.49,172524,9.76,1694,11.32,214386,4.16,-39840000,0.00,-39840000,0.00,153
100.10,1497957340,12.79,17,204736,4.25,2201,0.00,171506,7.15,172216,10.32,1698,13.12,214013,4.45,-39790000,0.00,-39870000,0.00,154
100.10,1497957791,12.79,18,204530,4.55,2202,0.00,171347,7.06,172062,10.32,1689,13.21,213845,4.45,-39830000,0.00,-39770000,0.00,155
100.10,1497958692,12.79,18,204453,4.55,2202,0.00,171288,7.25,172006,10.86,1676,12.67,213809,5.14,-39850000,0.00,-39760000,0.00,157
100.10,1497959143,12.77,17,204557,6.20,2202,0.00,171345,6.96,172043,11.23,1668,12.40,213898,5.53,-39780000,0.00,-39810000,0.00,159
100.10,1497960044,12.79,15,204851,6.10,2202,0.00,171614,7.81,172253,11.86,1656,10.04,214261,5.82,-39850000,0.00,-39840000,0.00,160
100.10,1497960494,12.79,13,205272,6.20,2201,0.00,171943,8.00,172566,11.95,1659,9.67,214653,5.82,-39860000,0.00,-39870000,0.00,161
100.10,1497960945,12.79,13,205487,6.39,2201,0.00,172122,8.10,172731,12.04,1664,9.67,214871,5.91,-39860000,0.00,-39830000,0.00,162
100.10,1497962745,12.79,11,205769,6.01,2201,0.00,172389,7.06,172965,11.59,1675,8.66,215211,5.82,-39960000,0.00,-39980000,0.00,166
100.10,1497963195,12.79,11,205834,6.58,2200,0.00,172433,6.77,173012,11.41,1677,8.66,215254,6.10,-40030000,0.00,-40030000,0.00,167
100.10,1497963645,12.79,11,205824,6.30,2201,0.00,172422,6.68,173010,11.41,1684,8.84,215247,6.20,-40010000,0.00,-40020000,0.00,168
100.10,1497964095,12.79,11,205801,6.49,2200,0.00,172402,6.68,172990,11.41,1684,8.93,215231,6.39,-39960000,0.00,-39950000,0.00,169
100.10,1497965895,12.77,11,205873,5.23,2202,0.00,172527,5.82,173133,10.68,1713,8.10,215380,4.65,-39820000,0.00,-39850000,0.00,173
100.10,1497966795,12.79,11,206061,5.23,2197,0.00,172711,5.82,173336,10.41,1786,8.00,215568,4.55,-39870000,0.00,-39850000,0.00,175
100.10,1497967245,12.77,11,206206,4.94,2203,0.00,172868,5.62,173515,10.22,1819,7.81,215761,4.55,-39820000,0.00,-39740000,0.00,176
100.10,1497967695,12.77,10,206508,4.84,2202,0.00,173168,5.53,173843,10.50,1846,7.72,216093,4.75,-39980000,0.00,-39790000,0.00,177
100.10,1497968638,12.69,15,205670,4.94,2126,0.00,173696,5.72,174368,10.59,1891,7.53,216615,4.94,-41670000,0.00,-42560000,0.00,1
100.10,1497986405,12.82,17,209341,6.30,195288,12.04,171965,8.75,172501,13.83,184531,9.86,214455,6.10,-39870000,0.00,-39800000,0.00,2
100.10,1497986728,12.82,18,209172,5.82,200454,10.68,171805,7.91,172372,12.94,184356,9.12,214275,5.62,-39840000,0.00,-39780000,0.00,3
100.10,1497987051,12.82,19,209608,5.53,165962,9.67,171596,7.34,172138,12.13,184069,8.56,213905,5.23,-39820000,0.00,-39850000,0.00,4
100.10,1497987374,12.82,22,208144,5.43,142959,9.49,170947,7.63,171525,12.58,183434,8.84,213215,5.43,-39800000,0.00,-39770000,0.00,5
100.10,1497987697,12.82,21,209546,5.53,139536,9.67,171195,7.91,171748,13.12,183647,8.93,213459,5.82,-39820000,0.00,-39800000,0.00,6
100.10,1497988020,12.82,21,209421,5.72,128305,10.13,171055,7.91,171612,14.01,183543,9.95,213381,6.58,-39770000,0.00,-39770000,0.00,7
100.10,1497988343,12.82,22,209025,5.82,124296,10.32,170750,8.19,171255,14.37,183179,10.41,212916,6.96,-39740000,0.00,-39760000,0.00,8
100.10,1497988667,12.82,24,208303,5.91,119507,10.50,170245,8.47,170751,14.19,182654,10.32,212300,7.06,-39750000,0.00,-39770000,0.00,9
100.10,1497988991,12.82,26,208291,6.01,115745,10.86,169897,9.40,170395,14.90,182297,10.22,211899,7.15,-39790000,0.00,-39760000,0.00,10
100.10,1497989314,12.82,27,208783,6.49,113499,11.41,169739,10.22,170211,15.60,182123,10.50,211720,7.81,-39750000,0.00,-39730000,0.00,11
100.10,1497989638,12.82,27,208767,6.58,112769,11.50,169657,10.22,170129,15.60,182045,10.13,211638,7.53,-39710000,0.00,-39790000,0.00,12
100.10,1497989962,12.82,27,208774,6.39,109528,11.41,169615,10.04,170074,15.52,181988,9.58,211584,7.25,-39730000,0.00,-39780000,0.00,13
100.10,1497990286,12.82,27,209802,6.49,107981,11.14,169849,9.67,170342,15.25,182282,9.67,211968,7.06,-39760000,0.00,-39730000,0.00,14
100.10,1497990609,12.80,24,217195,6.10,107352,10.13,170528,8.38,171019,14.01,182995,9.40,212800,6.68,-39750000,0.00,-39750000,0.00,15
100.10,1497990933,12.82,23,209916,5.82,107403,9.40,170635,7.63,171100,13.12,183047,9.12,212829,6.20,-39780000,0.00,-39710000,0.00,16
100.10,1497991256,12.80,22,210347,5.62,106787,9.12,170834,7.81,171323,13.03,183275,8.47,213134,6.01,-39740000,0.00,-39790000,0.00,17
100.10,1497991579,12.80,21,209952,5.43,109163,8.84,171166,7.91,171648,13.30,183630,8.19,213552,5.91,-39720000,0.00,-39780000,0.00,18
100.10,1497991902,12.80,20,209988,5.62,107863,9.58,171313,8.00,171772,13.12,183771,8.10,213704,6.10,-39780000,0.00,-39780000,0.00,19
100.10,1497992226,12.80,21,212226,7.53,110902,11.59,171040,9.58,171415,13.74,183390,9.40,213308,8.38,-39790000,0.00,-39730000,0.00,20
100.10,1497992549,12.80,22,211524,9.21,112876,12.58,170648,10.50,171014,14.28,183022,10.04,212876,9.49,-39760000,0.00,-39760000,0.00,21
100.10,1497992872,12.80,23,211446,9.76,114455,12.40,170509,10.32,170876,14.10,182889,10.04,212759,9.30,-39720000,0.00,-39700000,0.00,22
100.10,1497993196,12.80,22,212209,9.30,112337,11.86,170540,9.67,170911,13.83,182931,9.58,212804,9.03,-39680000,0.00,-39710000,0.00,23
100.10,1497993519,12.80,22,211636,9.03,111803,11.77,170590,9.49,170950,13.65,182982,9.40,212876,8.84,-39690000,0.00,-39740000,0.00,24
100.10,1497994165,12.80,21,213224,8.93,109587,10.86,170812,8.84,171149,13.12,183210,8.84,213158,8.28,-39680000,0.00,-39710000,0.00,26
100.10,1497994489,12.80,20,212736,8.75,110667,10.41,170979,8.56,171306,12.94,183401,8.66,213386,8.00,-39710000,0.00,-39730000,0.00,27
100.10,1497994812,12.80,19,213936,8.56,110633,9.76,171227,8.19,171538,12.67,183645,8.38,213675,7.72,-39730000,0.00,-39700000,0.00,28
100.10,1497995135,12.80,18,214042,8.28,109117,9.49,171414,8.00,171724,12.49,183841,8.00,213904,7.63,-39750000,0.00,-39740000,0.00,29
100.10,1497995458,12.80,18,213856,7.91,108081,9.40,171477,7.81,171784,12.40,183886,7.91,213962,7.53,-39720000,0.00,-39700000,0.00,30
100.10,1497995780,12.80,17,214738,7.53,109714,8.84,171787,7.34,172116,12.04,184256,7.44,214383,7.15,-39770000,0.00,-39730000,0.00,31
100.10,1497996103,12.79,15,214923,6.87,107495,8.19,172167,6.68,172501,11.68,184651,6.96,214844,6.49,-39750000,0.00,-39770000,0.00,32
100.10,1497996426,12.79,14,215237,6.30,109848,7.63,172493,6.10,172827,11.32,184987,6.68,215227,5.91,-39770000,0.00,-39740000,0.00,33
100.10,1497996748,12.79,13,214483,5.91,109798,7.25,172749,5.82,173081,11.14,185248,6.49,215524,5.53,-39710000,0.00,-39770000,0.00,34
100.10,1497997071,12.79,12,215658,5.72,110398,7.15,172941,5.82,173260,11.04,185441,6.39,215741,5.33,-39710000,0.00,-39880000,0.00,35
100.10,1497997393,12.79,11,215707,5.62,109605,7.15,173072,5.91,173386,11.04,185564,6.49,215894,5.33,-39770000,0.00,-39990000,0.00,36
100.10,1497997716,12.79,11,215613,5.53,109322,7.25,173169,6.10,173487,11.04,185664,6.58,216009,5.62,-39750000,0.00,-40030000,0.00,37
100.10,1497998038,12.79,11,215607,5.43,107235,7.34,173241,6.20,173556,11.04,185742,6.58,216098,5.82,-39760000,0.00,-40050000,0.00,38
100.10,1497998360,12.77,11,215656,5.43,109623,7.34,173304,6.10,173629,10.95,185811,6.49,216177,5.72,-39720000,0.00,-40090000,0.00,39
100.10,1497998683,12.77,10,215371,5.23,106055,7.15,173355,5.91,173675,10.86,185860,6.39,216229,5.33,-39730000,0.00,-40060000,0.00,40
100.10,1497999005,12.77,10,215537,5.14,108124,7.06,173393,5.72,173714,10.86,185902,6.30,216279,5.33,-39800000,0.00,-40120000,0.00,41
100.10,1497999327,12.77,10,215768,5.04,106631,6.96,173413,5.62,173736,10.77,185919,6.20,216292,5.23,-39770000,0.00,-40050000,0.00,42
100.10,1497999649,12.77,10,215624,4.84,109260,6.87,173425,5.43,173745,10.68,185928,6.10,216301,5.04,-39730000,0.00,-39970000,0.00,43
100.10,1497999972,12.77,10,215879,4.84,106140,6.77,173462,5.43,173776,10.68,185966,6.01,216340,4.94,-39770000,0.00,-40020000,0.00,44
100.10,1498000294,12.77,10,215753,4.94,106316,6.87,173492,5.72,173796,10.77,185982,6.10,216383,5.33,-39750000,0.00,-39990000,0.00,45
100.10,1498000616,12.76,9,215673,5.04,106453,6.87,173541,5.72,173855,10.77,186051,6.01,216447,5.43,-39760000,0.00,-39960000,0.00,46
100.10,1498000939,12.76,9,215937,4.94,108490,6.68,173592,5.53,173905,10.59,186108,5.91,216518,5.23,-39750000,0.00,-40040000,0.00,47
100.10,1498001261,12.76,9,215799,4.84,105359,6.49,173649,5.33,173964,10.50,186166,5.82,216583,5.14,-39780000,0.00,-40010000,0.00,48
100.10,1498001583,12.76,9,215370,4.75,106082,6.39,173703,5.23,174012,10.41,186220,5.72,216644,4.94,-39780000,0.00,-39980000,0.00,49
100.10,1498001905,12.76,9,215161,4.55,105776,6.10,173759,5.04,174081,10.22,186276,5.53,216712,4.75,-39740000,0.00,-40060000,0.00,50
100.10,1498002227,12.76,8,215182,4.45,106942,5.91,173833,4.84,174156,10.04,186352,5.33,216802,4.65,-39770000,0.00,-40170000,0.00,51
100.10,1498002549,12.76,8,214718,4.35,106251,5.72,173882,4.75,174207,9.95,186407,5.23,216864,4.45,-39770000,0.00,-40170000,0.00,52
100.10,1498002872,12.76,8,213924,4.16,105422,5.62,173911,4.65,174241,9.95,186434,5.23,216887,4.25,-39740000,0.00,-40150000,0.00,53
100.10,1498003194,12.74,8,213671,4.16,107002,5.62,173913,4.75,174222,9.86,186435,5.23,216881,4.25,-39750000,0.00,-40040000,0.00,54
100.10,1498003516,12.74,8,213420,4.06,107682,5.62,173904,4.75,174217,9.86,186430,5.23,216870,4.16,-39780000,0.00,-40130000,0.00,55
100.10,1498003838,12.74,8,213098,4.06,104895,5.53,173903,4.84,174227,9.76,186422,5.23,216865,4.06,-39790000,0.00,-40050000,0.00,56
100.10,1498004160,12.74,8,215324,3.96,104760,5.43,173899,4.75,174227,9.76,186425,5.23,216868,4.06,-39750000,0.00,-40070000,0.00,57
100.10,1498004482,12.74,8,215144,4.06,105925,5.62,173895,4.75,174219,9.86,186426,5.33,216856,4.16,-39780000,0.00,-39970000,0.00,58
100.10,1498004804,12.74,8,214829,4.16,105723,5.91,173906,4.84,174216,10.13,186426,5.43,216872,4.55,-39760000,0.00,-39950000,0.00,59
100.10,1498005126,12.74,8,214642,4.45,108581,6.10,173925,5.04,174236,10.22,186445,5.43,216897,4.84,-39770000,0.00,-39990000,0.00,60
100.10,1498005448,12.74,8,214612,4.45,107298,6.10,173941,5.04,174261,10.22,186464,5.43,216930,4.94,-39730000,0.00,-40030000,0.00,61
100.10,1498005771,12.74,7,213834,4.65,104627,6.01,173957,5.14,174272,10.13,186473,5.33,216936,4.84,-39770000,0.00,-39910000,0.00,62
100.10,1498006093,12.74,7,213779,5.14,104044,6.01,173968,5.04,174292,10.13,186496,5.33,216966,4.94,-39770000,0.00,-40370000,0.00,63
100.10,1498006415,12.73,8,213610,5.43,104020,5.91,173985,5.04,174317,9.86,186516,5.23,216981,4.84,-39770000,0.00,-40270000,0.00,64
100.10,1498006737,12.73,7,213466,5.43,105611,5.82,174001,4.94,174336,9.76,186534,5.14,217002,4.65,-39760000,0.00,-40800000,0.00,65
100.10,1498007059,12.74,7,213136,5.04,105528,5.53,174017,4.84,174358,9.49,186552,4.84,217022,4.35,-39750000,0.00,-40180000,0.00,66
100.10,1498007381,12.73,7,212314,4.65,104897,5.14,174039,4.75,174385,9.40,186571,4.65,217046,4.16,-39700000,0.00,-40410000,0.00,67
100.10,1498007703,12.73,7,211631,4.45,104423,4.94,174057,4.65,174399,9.21,186585,4.55,217062,3.96,-39750000,0.00,-39750000,0.00,68
100.10,1498008025,12.73,7,211291,4.25,104808,4.75,174076,4.65,174411,9.03,186606,4.45,217080,3.76,-39790000,0.00,-39760000,0.00,69
100.10,1498008347,12.73,7,211108,3.96,103972,4.45,174114,4.45,174455,8.93,186646,4.25,217135,3.66,-39770000,0.00,-39780000,0.00,70
100.10,1498008669,12.73,6,211007,3.86,103482,4.16,174204,4.16,174547,8.75,186746,3.96,217246,3.56,-39750000,0.00,-39880000,0.00,71
100.10,1498008991,12.73,6,210879,3.56,102769,3.66,174314,3.76,174671,8.56,186861,3.66,217387,3.16,-39760000,0.00,-40210000,0.00,72
100.10,1498009313,12.73,5,211504,3.26,103707,3.26,174413,3.56,174768,8.47,186961,3.46,217503,2.96,-39710000,0.00,-40350000,0.00,73
100.10,1498009635,12.73,5,211296,3.06,105716,3.06,174509,3.36,174871,8.28,187063,3.16,217625,2.75,-39760000,0.00,-40590000,0.00,74
100.10,1498009957,12.73,4,211097,2.85,103633,2.75,174624,2.96,174989,8.10,187173,2.75,217761,2.55,-39730000,0.00,-40700000,0.00,75
100.10,1498010279,12.73,4,211679,2.75,104301,2.75,174680,3.16,175043,8.10,187229,2.96,217814,2.55,-39760000,0.00,-41130000,0.00,76
100.10,1498010601,12.71,4,211334,2.75,105555,2.75,174692,3.36,175056,8.28,187239,3.06,217825,2.65,-39780000,0.00,-41110000,0.00,77
100.10,1498010923,12.71,4,211049,2.75,106521,2.85,174677,3.56,175038,8.47,187220,3.16,217803,2.75,-39780000,0.00,-40980000,0.00,78
100.10,1498011244,12.71,4,210946,2.75,103146,2.96,174674,3.66,175035,8.38,187215,3.26,217792,2.75,-39740000,0.00,-40720000,0.00,79
100.10,1498011566,12.71,4,211016,2.85,102745,3.16,174643,3.96,175006,8.56,187181,3.46,217754,2.85,-39730000,0.00,-40540000,0.00,80
100.10,1498011888,12.71,4,210826,2.85,103153,3.16,174596,4.06,174953,8.56,187134,3.56,217693,2.96,-39750000,0.00,-40490000,0.00,81
100.10,1498012210,12.71,5,211309,2.85,102676,3.26,174546,4.16,174915,8.56,187089,3.66,217638,2.96,-39760000,0.00,-40440000,0.00,82
100.10,1498012532,12.71,5,211070,2.85,103578,3.36,174508,4.35,174869,8.75,187037,3.66,217580,3.06,-39750000,0.00,-40340000,0.00,83
100.10,1498012854,12.69,5,210926,2.85,103610,3.36,174482,4.35,174842,8.56,187015,3.66,217550,3.06,-39750000,0.00,-40280000,0.00,84
100.10,1498013176,12.71,5,210836,2.85,102746,3.26,174469,4.25,174838,8.47,187000,3.66,217540,2.96,-39750000,0.00,-40160000,0.00,85
100.10,1498013498,12.69,5,210718,2.85,104552,3.16,174479,4.06,174853,8.38,187016,3.56,217557,2.85,-39730000,0.00,-40180000,0.00,86
100.10,1498013820,12.71,5,210722,2.75,104106,3.06,174505,3.86,174878,8.28,187043,3.46,217589,2.75,-39770000,0.00,-40120000,0.00,87
100.10,1498014142,12.71,5,211026,2.75,104407,2.85,174540,3.46,174911,8.47,187078,3.16,217634,2.75,-39770000,0.00,-40180000,0.00,88
100.10,1498014464,12.69,5,211222,2.65,102406,2.75,174569,3.46,174939,8.38,187107,3.06,217674,2.65,-39730000,0.00,-40170000,0.00,89
100.10,1498014786,12.69,5,211331,2.65,102068,2.75,174606,3.26,174982,8.19,187151,2.96,217728,2.55,-39690000,0.00,-40100000,0.00,90
100.10,1498015107,12.69,4,211361,2.55,102445,2.55,174665,3.06,175043,8.00,187209,2.75,217795,2.45,-39730000,0.00,-40050000,0.00,91
100.10,1498015429,12.69,4,211364,2.35,102705,2.35,174721,2.85,175100,7.81,187266,2.55,217859,2.35,-39750000,0.00,-40110000,0.00,92
100.10,1498015751,12.69,3,211250,2.35,102065,2.35,174733,2.96,175117,7.81,187277,2.75,217874,2.35,-39760000,0.00,-40170000,0.00,93
100.10,1498016073,12.69,4,211186,2.35,106155,2.45,174722,3.06,175108,7.81,187264,2.75,217859,2.35,-39770000,0.00,-40030000,0.00,94
100.10,1498016395,12.69,4,211170,2.35,105293,2.45,174708,3.16,175098,7.81,187251,2.85,217843,2.35,-39790000,0.00,-40120000,0.00,95
100.10,1498016717,12.69,4,211153,2.35,106998,2.45,174705,3.06,175094,7.81,187248,2.85,217839,2.35,-39750000,0.00,-40090000,0.00,96
100.10,1498017039,12.69,4,211234,2.35,103748,2.35,174729,2.96,175120,7.72,187277,2.75,217876,2.24,-39750000,0.00,-40160000,0.00,97
100.10,1498017360,12.69,4,211727,2.35,106282,2.45,174741,3.06,175127,7.81,187279,2.65,217881,2.24,-39800000,0.00,-40340000,0.00,98
100.10,1498017682,12.69,4,211643,2.35,103900,2.45,174723,3.26,175111,7.91,187258,2.75,217851,2.35,-39770000,0.00,-40440000,0.00,99
100.10,1498018004,12.69,4,211545,2.35,104567,2.55,174702,3.26,175091,7.91,187236,2.75,217828,2.35,-39790000,0.00,-40330000,0.00,100
100.10,1498018326,12.69,4,211517,2.35,104227,2.55,174695,3.26,175087,7.91,187232,2.75,217825,2.35,-39800000,0.00,-40300000,0.00,101
100.10,1498018648,12.69,4,211566,2.24,104252,2.45,174718,2.96,175116,7.72,187259,2.55,217859,2.24,-39780000,0.00,-40320000,0.00,102
100.10,1498018970,12.69,4,211530,2.14,106422,2.24,174762,2.65,175157,7.72,187305,2.35,217913,2.14,-39820000,0.00,-40430000,0.00,103
100.10,1498019291,12.69,3,211576,2.14,102561,2.14,174803,2.55,175200,7.63,187343,2.24,217964,2.04,-39720000,0.00,-40550000,0.00,104
100.10,1498019613,12.69,3,211564,2.04,100839,2.04,174837,2.45,175233,7.63,187382,2.14,218020,1.94,-39810000,0.00,-40470000,0.00,105
100.10,1498019935,12.69,3,212681,2.04,101348,1.94,174875,2.24,175278,7.53,187421,2.04,218062,1.94,-39810000,0.00,-40390000,0.00,106
100.10,1498020257,12.68,3,213270,1.94,101722,1.73,174924,1.94,175321,7.34,187464,1.83,218116,1.83,-39820000,0.00,-40520000,0.00,107
100.10,1498020579,12.69,3,213305,1.83,101513,1.63,174965,1.83,175377,7.25,187511,1.73,218175,1.73,-39880000,0.00,-40480000,0.00,108
100.10,1498020900,12.68,2,213227,1.73,101679,1.52,175001,1.73,175404,7.25,187544,1.63,218207,1.63,-39820000,0.00,-40530000,0.00,109
100.10,1498021222,12.69,2,213741,1.73,102548,1.63,174999,1.83,175410,7.25,187542,1.63,218209,1.63,-39870000,0.00,-40730000,0.00,110
100.10,1498021544,12.68,3,213474,1.73,99689,1.73,174929,2.04,175338,7.25,187467,1.73,218116,1.63,-39800000,0.00,-40340000,0.00,111
100.10,1498021866,12.68,3,213303,1.73,105394,1.83,174892,2.14,175298,7.25,187431,1.83,218074,1.73,-39860000,0.00,-40580000,0.00,112
100.10,1498022188,12.68,3,213136,1.73,102578,1.83,174876,2.14,175288,7.25,187415,1.83,218050,1.73,-39850000,0.00,-40560000,0.00,113
100.10,1498022510,12.68,4,213638,1.83,107263,1.94,174840,2.24,175249,7.34,187370,1.94,217993,1.73,-39870000,0.00,-40250000,0.00,114
100.10,1498022831,12.68,4,213284,1.83,104091,2.04,174793,2.45,175202,7.44,187320,1.94,217946,1.83,-39780000,0.00,-40080000,0.00,115
100.10,1498023153,12.68,4,213197,1.83,103762,2.14,174743,2.55,175149,7.44,187265,2.04,217878,1.83,-39820000,0.00,-40080000,0.00,116
100.10,1498023475,12.68,4,212968,1.94,104638,2.45,174623,3.16,175026,7.63,187137,2.24,217718,2.04,-39770000,0.00,-39990000,0.00,117
100.10,1498023797,12.68,5,212819,2.04,102599,2.75,174496,3.56,174895,7.81,187009,2.45,217563,2.24,-39790000,0.00,-39940000,0.00,118
100.10,1498024122,12.68,6,212570,2.14,104627,2.96,174368,3.66,174767,7.81,186871,2.55,217390,2.24,-39840000,0.00,-39830000,0.00,119
100.10,1498024444,12.68,9,212716,2.24,107411,3.36,174025,4.25,174411,7.91,186488,2.75,216932,2.45,-39720000,0.00,-39780000,0.00,120
100.10,1498024766,12.68,13,212069,2.45,104187,3.76,173499,4.45,173890,8.00,185934,2.75,216278,2.55,-39730000,0.00,-39730000,0.00,121
100.10,1498025089,12.68,14,211735,2.45,109879,3.76,173220,4.55,173616,8.00,185649,2.96,215952,2.55,-39730000,0.00,-39750000,0.00,122
100.10,1498025412,12.69,16,211291,2.55,106718,3.96,172873,4.75,173259,8.19,185278,3.06,215515,2.65,-39740000,0.00,-39770000,0.00,123
100.10,1498025735,12.69,17,211125,2.75,107105,4.35,172604,5.14,173001,8.38,185015,3.26,215217,2.85,-39720000,0.00,-39710000,0.00,124
100.10,1498026057,12.69,17,211198,2.96,111054,4.65,172585,5.23,172988,8.56,185018,3.36,215235,2.96,-39750000,0.00,-39750000,0.00,125
100.10,1498026380,12.69,14,211431,2.96,106955,4.75,172757,5.23,173158,8.66,185203,3.46,215443,3.06,-39720000,0.00,-39760000,0.00,126
100.10,1498026703,12.69,12,211581,3.06,106486,4.65,172918,5.14,173315,8.56,185369,3.36,215640,2.96,-39740000,0.00,-39730000,0.00,127
100.10,1498027025,12.69,11,211803,2.96,104408,4.55,173084,5.04,173482,8.47,185540,3.26,215843,2.85,-39790000,0.00,-39700000,0.00,128
100.10,1498027347,12.69,11,211241,2.85,108138,4.25,173191,4.84,173583,8.47,185640,3.16,215961,2.75,-39730000,0.00,-39730000,0.00,129
100.10,1498027670,12.71,11,210793,2.65,105491,3.96,173241,4.84,173638,8.38,185694,2.96,216024,2.65,-39730000,0.00,-39700000,0.00,130
100.10,1498027992,12.69,13,210230,2.75,104208,4.16,172983,5.43,173344,8.75,185373,3.06,215622,2.75,-39730000,0.00,-39670000,0.00,131
100.10,1498028315,12.69,17,209922,3.06,108105,4.65,172596,6.01,172955,9.21,184976,3.36,215150,3.16,-39720000,0.00,-39650000,0.00,132
100.10,1498028638,12.71,18,209994,3.26,108093,4.94,172302,6.39,172649,9.67,184673,3.46,214797,3.26,-39720000,0.00,-39720000,0.00,133
100.10,1498028961,12.71,19,210406,3.36,107313,5.33,172071,6.68,172414,9.95,184438,3.66,214520,3.36,-39720000,0.00,-39740000,0.00,134
100.10,1498029284,12.71,20,210283,3.66,109746,5.62,171899,6.87,172231,10.13,184250,3.76,214307,3.46,-39710000,0.00,-39670000,0.00,135
100.10,1498029607,12.71,20,210134,3.66,109395,5.72,171757,7.06,172078,10.22,184107,3.86,214124,3.56,-39740000,0.00,-39690000,0.00,136
100.10,1498029930,12.73,21,209971,3.76,104292,5.91,171635,7.15,171961,10.32,183976,3.86,213970,3.66,-39720000,0.00,-39660000,0.00,137
100.10,1498030254,12.73,21,209816,3.76,105575,6.01,171516,7.44,171823,10.32,183846,3.96,213818,3.66,-39660000,0.00,-39680000,0.00,138
100.10,1498030577,12.73,22,209617,3.76,107746,6.20,171399,7.34,171705,10.22,183724,3.86,213666,3.66,-39690000,0.00,-39740000,0.00,139
100.10,1498030900,12.73,22,209409,3.66,106272,6.20,171270,7.53,171571,10.04,183586,3.86,213504,3.66,-39700000,0.00,-39720000,0.00,140
100.10,1498031224,12.73,23,209196,3.56,107864,6.10,171148,7.53,171450,9.95,183459,3.86,213359,3.66,-39720000,0.00,-39720000,0.00,141
100.10,1498031547,12.73,23,209065,3.46,104039,5.82,171027,7.44,171326,9.86,183328,3.76,213201,3.46,-39690000,0.00,-39690000,0.00,142
100.10,1498031871,12.73,23,208914,3.36,107360,5.82,170916,7.53,171209,9.76,183218,3.76,213060,3.36,-39680000,0.00,-39700000,0.00,143
100.10,1498032194,12.73,24,209326,3.26,108778,5.43,170790,7.15,171081,9.76,183082,3.56,212902,3.16,-39730000,0.00,-39690000,0.00,144
100.10,1498032518,12.73,25,208879,3.06,104285,5.33,170651,6.77,170948,9.49,182932,3.46,212715,3.06,-39680000,0.00,-39700000,0.00,145
100.10,1498032841,12.74,26,208425,2.96,105739,4.94,170438,5.82,170740,9.03,182706,3.36,212446,2.85,-39710000,0.00,-39670000,0.00,146
100.10,1498033165,12.74,27,208023,2.75,104444,4.45,170226,5.33,170528,8.75,182473,3.26,212177,2.65,-39710000,0.00,-39680000,0.00,147
100.10,1498033489,12.74,28,207684,2.65,108465,4.35,170016,5.14,170324,8.56,182265,3.16,211939,2.55,-39680000,0.00,-39690000,0.00,148
100.10,1498033813,12.74,28,207663,3.16,106002,6.01,169902,5.14,170207,8.66,182149,3.36,211802,2.75,-39690000,0.00,-39720000,0.00,149
100.10,1498034137,12.74,27,207922,2.96,103186,5.23,170053,5.04,170392,8.56,182369,3.26,212107,2.65,-39730000,0.00,-39710000,0.00,150
100.10,1498034460,12.74,24,208331,2.85,102642,4.65,170380,4.84,170674,8.47,182642,3.16,212372,2.45,-39700000,0.00,-39700000,0.00,151
100.10,1498034784,12.74,25,208064,2.96,107750,5.62,170106,5.14,170409,8.56,182375,3.36,212057,3.16,-39710000,0.00,-39670000,0.00,152
100.10,1498035108,12.74,26,207900,3.16,104458,6.87,169938,5.33,170225,8.66,182182,3.46,211836,3.66,-39650000,0.00,-39660000,0.00,153
100.10,1498035431,12.74,27,207739,3.46,113824,7.44,169755,5.53,170039,8.84,182003,3.66,211621,3.66,-39700000,0.00,-39700000,0.00,154
100.10,1498035755,12.74,27,207539,3.26,107585,6.49,169625,6.10,169905,8.84,181865,3.56,211464,3.26,-39740000,0.00,-39700000,0.00,155
100.10,1498036079,12.76,28,207421,3.16,105481,6.20,169524,6.30,169798,8.93,181758,3.66,211331,3.16,-39710000,0.00,-39710000,0.00,156
100.10,1498036403,12.76,28,207398,3.66,112554,7.63,169404,6.01,169675,9.40,181635,4.06,211190,3.66,-39680000,0.00,-39690000,0.00,157
100.10,1498036727,12.76,28,207750,4.94,109719,9.03,169408,6.20,169720,9.58,181715,4.25,211329,4.25,-39710000,0.00,-39740000,0.00,158
100.10,1498037051,12.76,26,208327,4.94,111083,8.75,169660,6.01,169914,9.58,181910,4.06,211520,4.84,-39710000,0.00,-39650000,0.00,159
100.10,1498037375,12.76,27,207944,4.55,115120,8.38,169442,6.01,169690,9.30,181674,4.06,211236,4.25,-39720000,0.00,-39650000,0.00,160
100.10,1498037698,12.76,28,207615,4.06,111427,7.63,169295,6.10,169560,9.30,181546,4.06,211105,3.96,-39670000,0.00,-39710000,0.00,161
100.10,1498038022,12.76,28,207512,4.16,116275,8.38,169243,6.77,169486,9.49,181493,4.25,211026,4.35,-39700000,0.00,-39690000,0.00,162
100.10,1498038346,12.76,28,207372,4.25,107384,8.38,169117,6.77,169343,9.76,181336,4.45,210849,4.16,-39670000,0.00,-39710000,0.00,163
100.10,1498038670,12.76,29,207424,5.04,111958,9.58,168976,6.87,169203,10.32,181199,4.94,210694,4.65,-39710000,0.00,-39700000,0.00,164
100.10,1498038994,12.77,29,207565,5.72,115756,10.50,168861,7.06,169070,10.86,181077,5.33,210545,4.94,-39720000,0.00,-39670000,0.00,165
100.10,1498039318,12.77,29,208321,6.10,120435,10.59,168981,6.96,169189,11.04,181227,5.23,210730,5.23,-39690000,0.00,-39670000,0.00,166
100.10,1498039642,12.76,28,208570,6.10,116031,10.77,169097,7.06,169281,11.14,181333,5.53,210841,5.82,-39690000,0.00,-39690000,0.00,167
100.10,1498039966,12.77,30,208181,7.53,116174,11.95,168672,8.10,168834,12.04,180893,6.58,210303,6.68,-39710000,0.00,-39720000,0.00,168
100.10,1498040291,12.77,29,209726,8.84,117927,12.04,168984,8.38,169190,12.58,181337,7.15,210921,7.53,-39680000,0.00,-39680000,0.00,169
100.10,1498040614,12.77,24,212036,8.28,115580,10.32,169832,7.25,170018,12.04,182234,6.49,211989,7.53,-39700000,0.00,-39650000,0.00,170
100.10,1498040937,12.77,20,212520,7.53,109719,9.49,170489,6.58,170627,11.59,182865,6.01,212732,7.15,-39710000,0.00,-39690000,0.00,171
100.10,1498041261,12.76,20,210805,7.06,111079,9.58,170492,6.58,170627,11.41,182854,5.82,212699,7.06,-39700000,0.00,-39710000,0.00,172
100.10,1498041584,12.77,23,209480,6.68,121270,9.86,170027,7.06,170125,11.41,182289,6.10,211974,6.87,-39680000,0.00,-39690000,0.00,173
100.10,1498041907,12.77,25,209534,7.34,118542,11.14,169604,7.81,169736,11.86,181921,6.68,211570,6.87,-39690000,0.00,-39660000,0.00,174
100.10,1498042231,12.77,27,208597,7.15,105985,10.95,169152,7.72,169261,11.59,181408,6.39,210966,6.30,-39690000,0.00,-39700000,0.00,175
100.10,1498042555,12.77,29,208296,7.25,104936,11.04,168767,8.00,168870,11.50,181007,6.39,210497,6.01,-39720000,0.00,-39680000,0.00,176
100.10,1498042879,12.77,30,208197,7.44,104758,11.41,168573,8.10,168706,11.68,180887,6.68,210378,6.20,-39710000,0.00,-39700000,0.00,177
100.10,1498043203,12.77,29,208493,7.15,106510,11.50,168697,7.91,168821,12.13,181023,6.87,210543,5.91,-39690000,0.00,-39720000,0.00,178
100.10,1498043527,12.77,28,208361,6.10,103768,10.50,168851,7.63,168916,11.95,181087,6.77,210574,5.23,-39630000,0.00,-39650000,0.00,179
100.10,1498043851,12.77,31,207119,5.53,106090,9.95,168480,7.91,168540,11.77,180698,6.77,210106,4.84,-39660000,0.00,-39700000,0.00,180
100.10,1498044176,12.77,31,207595,7.25,104561,11.86,168388,8.56,168485,12.49,180703,7.63,210154,6.58,-39680000,0.00,-39660000,0.00,181
100.10,1498044500,12.77,30,207911,7.44,123773,12.13,168492,8.28,168569,12.76,180774,7.72,210231,6.39,-39710000,0.00,-39690000,0.00,182
100.10,1498044824,12.77,29,208010,6.96,110752,11.41,168563,8.00,168590,12.49,180786,7.53,210241,5.91,-39710000,0.00,-39750000,0.00,183
100.10,1498045148,12.77,31,207306,6.68,107477,11.32,168241,8.19,168273,12.49,180508,7.91,209932,5.62,-39690000,0.00,-39700000,0.00,184
100.10,1498045472,12.77,31,207205,6.01,105227,11.14,168313,8.75,168349,12.85,180618,8.28,210061,5.43,-39740000,0.00,-39710000,0.00,185
100.10,1498045797,12.77,31,208212,6.39,113726,11.41,168405,8.56,168375,12.67,180619,8.10,210031,5.33,-39700000,0.00,-39700000,0.00,186
100.10,1498046121,12.77,30,208149,6.30,106096,12.22,168437,9.67,168380,13.92,180652,9.03,210061,5.91,-39710000,0.00,-39740000,0.00,187
100.10,1498046445,12.77,28,209018,6.20,113865,12.04,168847,9.40,168752,14.01,181075,8.75,210567,6.10,-39680000,0.00,-39710000,0.00,188
100.10,1498046769,12.77,29,207344,6.10,106676,12.49,168653,10.13,168560,14.63,180930,9.49,210403,6.01,-39720000,0.00,-39720000,0.00,189
100.10,1498047093,12.77,27,208949,6.10,107140,11.86,169125,9.67,168978,14.37,181366,8.93,210903,5.82,-39710000,0.00,-39690000,0.00,190
100.10,1498047417,12.77,28,208332,6.39,117512,12.67,168838,10.59,168676,14.90,181062,10.22,210530,6.30,-39720000,0.00,-39710000,0.00,191
100.10,1498047741,12.77,30,207828,6.39,107444,13.30,168527,11.77,168324,15.52,180743,10.95,210149,6.39,-39740000,0.00,-39720000,0.00,192
100.10,1498048065,12.77,31,208014,6.49,107806,13.38,168360,12.85,168130,16.13,180575,11.23,209954,6.58,-39680000,0.00,-39730000,0.00,193
100.10,1498048389,12.77,30,208723,6.58,106569,12.94,168760,12.04,168578,15.78,181073,10.13,210587,6.49,-39700000,0.00,-39700000,0.00,194
100.10,1498048713,12.77,28,208173,6.10,109952,11.77,168989,11.04,168784,15.25,181232,9.12,210742,6.10,-39730000,0.00,-39700000,0.00,195
100.10,1498049037,12.77,28,208294,6.10,105833,12.22,168966,10.68,168734,15.07,181190,9.03,210699,6.20,-39670000,0.00,-39690000,0.00,196
100.10,1498049361,12.77,29,208191,6.49,106748,13.03,168888,11.59,168651,15.69,181163,9.67,210723,6.77,-39680000,0.00,-39680000,0.00,197
100.10,1498049685,12.77,27,208897,6.68,115983,12.49,169217,11.41,168948,15.60,181498,9.40,211107,6.87,-39740000,0.00,-39710000,0.00,198
100.10,1498050009,12.77,26,209368,6.87,107239,12.40,169542,10.68,169257,15.25,181842,9.30,211539,7.06,-39720000,0.00,-39700000,0.00,199
100.10,1498050333,12.77,23,210218,6.68,105629,11.41,170069,9.49,169772,14.54,182385,8.56,212212,7.06,-39700000,0.00,-39660000,0.00,200
100.10,1498050656,12.77,21,210806,6.68,106233,10.32,170528,9.40,170206,14.10,182853,8.19,212741,6.68,-39690000,0.00,-39680000,0.00,201
100.10,1498050979,12.77,21,209593,6.68,108610,10.59,170381,10.59,170025,14.63,182668,8.75,212467,6.49,-39670000,0.00,-39700000,0.00,202
100.10,1498051302,12.77,23,209938,6.96,105098,12.13,170050,11.50,169706,15.34,182368,9.67,212132,6.87,-39720000,0.00,-39700000,0.00,203
100.10,1498051626,12.77,23,210503,7.15,110236,12.13,170135,10.77,169766,15.16,182444,9.30,212257,7.25,-39670000,0.00,-39670000,0.00,204
100.10,1498051949,12.77,22,210524,7.25,107254,11.77,170274,10.13,169891,14.99,182579,9.03,212432,7.53,-39710000,0.00,-39650000,0.00,205
100.10,1498052272,12.77,22,210307,6.96,107853,11.86,170261,9.95,169849,14.99,182497,9.30,212382,7.81,-39720000,0.00,-39650000,0.00,206
100.10,1498052596,12.76,22,210327,7.34,104854,12.13,170234,10.41,169818,15.07,182526,9.40,212375,7.91,-39710000,0.00,-39680000,0.00,207
100.10,1498052919,12.77,22,210667,7.25,104543,11.86,170263,10.86,169824,15.07,182561,9.30,212409,7.53,-39720000,0.00,-39670000,0.00,208
100.10,1498053242,12.76,22,210507,7.25,104522,11.86,170276,10.86,169809,14.99,182558,9.40,212416,7.53,-39710000,0.00,-39680000,0.00,209
100.10,1498053566,12.77,22,210232,7.25,104011,11.86,170326,10.41,169854,14.99,182634,9.30,212487,7.44,-39670000,0.00,-39700000,0.00,210
100.10,1498053889,12.76,21,210450,7.15,108094,11.41,170469,10.59,169960,14.81,182752,8.93,212659,7.06,-39680000,0.00,-39720000,0.00,211
100.10,1498054212,12.76,20,210691,7.15,103658,11.04,170573,10.59,170055,14.72,182875,8.75,212792,6.87,-39710000,0.00,-39670000,0.00,212
100.10,1498054535,12.76,20,210489,7.06,103269,11.04,170642,10.59,170103,14.72,182943,8.75,212869,6.87,-39690000,0.00,-39700000,0.00,213
100.10,1498054858,12.76,20,210109,7.06,103168,11.32,170529,10.77,169962,14.90,182785,9.12,212690,7.15,-39740000,0.00,-39660000,0.00,214
100.10,1498055182,12.76,21,209914,7.53,104247,11.86,170407,11.23,169828,15.16,182683,9.49,212572,7.44,-39660000,0.00,-39660000,0.00,215
100.10,1498055505,12.76,21,210199,7.53,104315,12.04,170402,10.59,169811,15.16,182691,9.67,212598,8.19,-39660000,0.00,-39680000,0.00,216
100.10,1498055828,12.76,21,210219,7.34,104123,11.77,170478,10.04,169874,14.90,182750,9.30,212676,8.00,-39680000,0.00,-39690000,0.00,217
100.10,1498056151,12.76,20,210064,7.25,103872,11.68,170489,10.22,169870,14.90,182769,9.30,212700,7.81,-39650000,0.00,-39660000,0.00,218
100.10,1498056475,12.76,21,209645,7.25,103652,11.95,170427,10.13,169778,14.99,182696,9.49,212612,8.10,-39670000,0.00,-39630000,0.00,219
100.10,1498056798,12.76,22,209996,7.25,104498,12.58,170177,10.50,169519,15.34,182428,9.95,212308,8.38,-39630000,0.00,-39660000,0.00,220
100.10,1498057121,12.76,22,209946,7.15,103700,12.67,170149,10.77,169485,15.34,182413,9.86,212281,8.00,-39660000,0.00,-39640000,0.00,221
100.10,1498057444,12.76,22,209958,7.25,103820,12.49,170140,10.77,169454,15.34,182402,9.67,212259,7.72,-39710000,0.00,-39680000,0.00,222
100.10,1498057768,12.76,22,209582,7.25,103523,12.40,170081,10.95,169379,15.43,182324,9.76,212177,7.81,-39690000,0.00,-39690000,0.00,223
100.10,1498058091,12.76,23,209346,7.53,103905,12.94,169954,11.14,169241,15.60,182197,10.22,212029,8.47,-39650000,0.00,-39620000,0.00,224
100.10,1498058415,12.76,23,209626,7.53,103311,12.94,169933,10.95,169199,15.69,182203,10.22,212040,8.38,-39650000,0.00,-39700000,0.00,225
100.10,1498058738,12.76,22,209764,7.44,104015,12.49,170115,10.68,169376,15.43,182365,9.95,212266,8.28,-39630000,0.00,-39650000,0.00,226
100.10,1498059061,12.76,21,209802,7.15,103361,12.22,170254,10.50,169492,15.25,182516,9.76,212430,8.00,-39680000,0.00,-39700000,0.00,227
100.10,1498059385,12.76,21,209783,7.25,103232,12.13,170324,10.41,169525,15.34,182543,9.67,212478,8.28,-39650000,0.00,-39670000,0.00,228
100.10,1498059708,12.76,21,209887,7.53,103752,12.31,170313,10.68,169504,15.43,182546,9.86,212497,8.66,-39660000,0.00,-39650000,0.00,229
100.10,1498060031,12.74,22,210042,7.81,103485,12.49,170086,10.86,169216,15.60,182245,10.41,212080,9.49,-39700000,0.00,-39690000,0.00,230
100.10,1498060354,12.76,23,209945,8.00,103792,13.47,169816,11.59,168975,16.13,182047,10.59,211899,9.12,-39650000,0.00,-39630000,0.00,231
100.10,1498060678,12.74,23,209914,7.72,103407,12.85,169952,11.59,169081,15.78,182151,10.22,212009,8.38,-39690000,0.00,-39720000,0.00,232
100.10,1498061001,12.74,23,209619,7.63,103243,13.12,169893,11.41,168998,15.96,182077,10.41,211940,8.47,-39670000,0.00,-39670000,0.00,233
100.10,1498061325,12.74,23,209643,7.72,103360,13.12,169920,11.23,169008,15.96,182102,10.41,211959,8.66,-39710000,0.00,-39660000,0.00,234
100.10,1498061648,12.74,23,209620,7.72,103003,13.03,169971,11.14,169019,15.87,182134,10.22,212008,8.56,-39680000,0.00,-39660000,0.00,235
100.10,1498061972,12.74,23,209491,7.72,103362,13.12,169927,10.95,168956,15.87,182067,10.22,211943,8.93,-39640000,0.00,-39630000,0.00,236
100.10,1498062295,12.74,25,208634,8.00,103418,14.45,169240,12.13,168193,16.84,181306,11.41,211007,9.49,-39700000,0.00,-39640000,0.00,237
100.10,1498062619,12.76,25,209603,8.28,103581,14.45,169158,12.31,168105,16.93,181230,11.14,210928,9.58,-39670000,0.00,-39660000,0.00,238
100.10,1498062942,12.76,26,209162,8.47,103689,14.54,169070,12.40,167961,17.02,181103,11.23,210791,9.58,-39640000,0.00,-39640000,0.00,239
100.10,1498063266,12.74,27,208343,8.75,103994,15.16,168815,13.21,167714,17.45,180890,11.86,210524,9.95,-39620000,0.00,-39650000,0.00,240
100.10,1498063590,12.74,29,207916,8.84,104185,16.13,168362,14.19,167205,18.07,180370,12.76,209893,10.04,-39650000,0.00,-39690000,0.00,241
100.10,1498063914,12.76,31,208015,9.21,104545,16.75,168053,14.45,166857,18.42,180027,12.76,209547,10.50,-39660000,0.00,-39670000,0.00,242
100.10,1498064239,12.76,30,208496,9.21,103723,16.31,168028,14.37,166810,18.33,179985,12.49,209519,10.50,-39670000,0.00,-39640000,0.00,243
100.10,1498064563,12.76,30,208629,9.12,103926,16.22,168039,13.65,166820,18.16,180061,12.31,209640,10.77,-39650000,0.00,-39650000,0.00,244
100.10,1498064887,12.76,28,208817,9.12,103752,15.16,168401,12.85,167152,17.54,180384,11.68,210053,10.32,-39680000,0.00,-39630000,0.00,245
100.10,1498065211,12.76,27,209156,8.84,104379,15.16,168610,12.58,167293,17.45,180538,11.77,210169,10.50,-39660000,0.00,-39630000,0.00,246
100.10,1498065535,12.76,29,208069,9.12,104132,16.40,168184,13.03,166839,18.07,180088,12.58,209642,11.14,-39640000,0.00,-39640000,0.00,247
100.10,1498065859,12.76,31,207989,9.86,104494,17.28,167781,13.83,166445,18.68,179694,13.03,209185,11.59,-39690000,0.00,-39690000,0.00,248
100.10,1498066183,12.76,32,208302,10.41,104219,17.45,167582,14.19,166212,18.86,179503,13.03,208973,11.95,-39680000,0.00,-39680000,0.00,249
100.10,1498066507,12.76,30,209304,9.95,102968,16.22,168059,13.56,166695,18.16,180035,12.40,209662,11.41,-39650000,0.00,-39680000,0.00,250
100.10,1498066831,12.77,29,208428,9.21,103372,15.60,168244,12.67,166843,17.63,180167,11.95,209792,10.50,-39630000,0.00,-39640000,0.00,251
100.10,1498067155,12.76,29,208715,9.30,103483,15.87,168315,13.21,166908,17.81,180251,11.95,209871,9.95,-39630000,0.00,-39670000,0.00,252
100.10,1498067480,12.76,30,207454,9.12,103000,16.49,168025,13.38,166568,18.16,179907,12.49,209455,10.32,-39670000,0.00,-39610000,0.00,253
100.10,1498067804,12.76,31,207112,9.03,102325,16.84,167777,13.83,166319,18.42,179648,11.95,209166,10.22,-39640000,0.00,-39640000,0.00,254
100.10,1498068128,12.77,31,207853,10.68,102867,16.75,167810,13.12,166365,17.98,179728,11.50,209326,10.95,-39660000,0.00,-39660000,0.00,255
100.10,1498068452,12.77,29,208064,9.58,102492,15.52,168157,12.04,166690,17.45,180087,11.32,209740,10.32,-39610000,0.00,-39610000,0.00,256
100.10,1498068776,12.77,27,209001,9.21,103034,14.99,168737,12.04,167253,17.28,180703,11.32,210498,10.41,-39640000,0.00,-39600000,0.00,257
100.10,1498069100,12.77,24,209304,8.84,104473,13.65,169395,11.41,167883,16.66,181380,10.68,211314,9.58,-39560000,0.00,-39590000,0.00,258
100.10,1498069423,12.76,22,209765,8.66,102412,12.40,169978,11.14,168431,15.96,181953,9.95,211988,8.75,-39650000,0.00,-39610000,0.00,259
100.10,1498069746,12.76,21,209895,8.38,101161,11.59,169970,11.23,168415,15.69,181898,9.58,211843,8.38,-39580000,0.00,-39620000,0.00,260
100.10,1498070070,12.76,25,208503,8.38,101136,12.85,169285,12.85,167729,16.75,181197,10.04,210992,8.66,-39620000,0.00,-39610000,0.00,261
100.10,1498070393,12.77,25,209044,8.56,101334,13.21,169244,12.85,167684,16.93,181149,9.95,210959,8.56,-39600000,0.00,-39660000,0.00,262
100.10,1498070717,12.76,27,207513,8.38,102326,13.92,168761,13.12,167209,17.28,180662,10.22,210368,8.47,-39600000,0.00,-39610000,0.00,263
100.10,1498071041,12.76,28,207634,8.47,101949,14.99,168503,12.94,166928,17.45,180394,10.95,210039,8.93,-39570000,0.00,-39630000,0.00,264
100.10,1498071368,12.76,30,206754,8.56,101767,15.60,168178,13.38,166629,17.81,180111,11.32,209742,9.40,-39630000,0.00,-39640000,0.00,265
100.10,1498071692,12.77,30,207760,9.03,101788,15.78,168100,13.03,166507,17.63,179968,11.23,209555,10.13,-39630000,0.00,-39630000,0.00,266
100.10,1498072016,12.77,30,208785,11.50,101845,16.31,168020,13.03,166443,17.45,179907,10.86,209525,11.50,-39610000,0.00,-39640000,0.00,267
100.10,1498072340,12.76,28,210257,11.04,101932,15.07,168486,11.95,166936,16.84,180449,10.13,210236,10.59,-39560000,0.00,-39610000,0.00,268
100.10,1498072664,12.76,25,211182,10.32,100789,13.38,169094,10.77,167499,16.05,181026,9.40,210865,9.49,-39610000,0.00,-39580000,0.00,269
100.10,1498072987,12.76,27,208598,9.67,103688,14.28,168685,10.59,167095,16.31,180601,9.76,210365,9.12,-39600000,0.00,-39620000,0.00,270
100.10,1498073313,12.76,28,208453,9.03,101072,14.63,168603,10.50,167042,16.31,180562,9.40,210344,8.66,-39580000,0.00,-39590000,0.00,271
100.10,1498073637,12.76,25,209319,8.75,100691,13.21,169184,9.95,167617,15.69,181161,8.75,211061,8.28,-39600000,0.00,-39620000,0.00,272
100.10,1498073960,12.76,22,209556,8.84,100897,12.40,169659,9.67,168081,15.25,181649,8.38,211649,8.47,-39550000,0.00,-39620000,0.00,273
100.10,1498074283,12.76,20,209826,8.47,103137,11.68,170063,9.03,168465,14.90,182060,8.19,212113,8.00,-39600000,0.00,-39590000,0.00,274
100.10,1498074606,12.76,20,209447,8.00,100116,11.50,170283,8.84,168674,14.81,182274,8.19,212383,7.91,-39640000,0.00,-39580000,0.00,275
100.10,1498074929,12.76,19,210347,7.91,99446,11.50,170458,8.93,168854,14.72,182470,8.10,212602,7.81,-39590000,0.00,-39600000,0.00,276
100.10,1498075252,12.76,19,209366,7.34,99851,11.14,170450,8.84,168826,14.54,182416,8.19,212492,7.25,-39620000,0.00,-39570000,0.00,277
100.10,1498075577,12.74,23,208699,7.06,100434,12.40,169702,9.58,168065,15.25,181633,9.03,211536,7.25,-39580000,0.00,-39580000,0.00,278
100.10,1498075901,12.76,25,207962,7.25,99940,12.58,169161,11.77,167521,16.84,181079,9.49,210909,7.81,-39570000,0.00,-39640000,0.00,279
100.10,1498076225,12.76,26,207767,7.15,100437,12.22,168906,12.04,167298,17.19,180884,9.30,210717,7.91,-39580000,0.00,-39620000,0.00,280
100.10,1498076548,12.76,24,208944,6.96,99966,11.59,169311,11.04,167667,16.22,181244,8.56,211136,7.44,-39580000,0.00,-39580000,0.00,281
100.10,1498076872,12.76,24,208550,6.58,100097,11.32,169454,10.41,167841,15.60,181436,8.28,211378,6.96,-39590000,0.00,-39600000,0.00,282
100.10,1498077195,12.76,22,208580,6.39,101088,10.86,169846,9.95,168225,15.07,181838,7.91,211857,6.68,-39590000,0.00,-39630000,0.00,283
100.10,1498077518,12.76,21,208821,6.20,100476,10.50,170187,9.12,168562,14.37,182198,7.53,212285,6.39,-39620000,0.00,-39620000,0.00,284
100.10,1498077842,12.74,19,209033,5.91,99674,9.95,170512,8.56,168890,13.83,182534,7.25,212680,6.20,-39600000,0.00,-39600000,0.00,285
100.10,1498078164,12.74,18,209374,5.72,99073,9.30,170766,8.28,169145,13.30,182791,6.96,212990,6.01,-39580000,0.00,-39620000,0.00,286
100.10,1498078487,12.74,17,210197,5.53,99018,8.84,170954,8.00,169335,12.94,182992,6.68,213219,5.82,-39650000,0.00,-39630000,0.00,287
100.10,1498078810,12.74,16,210281,5.43,99457,8.66,171095,7.91,169475,12.76,183135,6.58,213389,5.72,-39620000,0.00,-39600000,0.00,288
100.10,1498079133,12.74,16,210694,5.62,99998,9.03,171197,7.91,169570,12.76,183231,6.49,213509,5.91,-39630000,0.00,-39570000,0.00,289
100.10,302,274.49,8295,775237174,-69.11,1952522307,-0.64,167866371,2.55,655362,225.25,5243167,0.71,2031616,0.00,458752,10.24,134676840,0.00,12338
100.10,605,-0.01,-1,-1,-0.01,-1,-0.01,-1,-0.01,-1,-0.01,-1,-0.01,-1,-0.01,-1,-0.01,-1,-0.01,65535
100.10,1514,-2.56,-1,-1,-0.01,-1,-0.01,-1,-0.01,-1,-0.01,-1,-2.56,-1,-0.01,-1,-0.01,-1,-0.01,65535
100.10,1817,-0.01,-1,-1,-0.01,-1,-0.01,-1,-0.01,-1,-0.01,-1,-0.01,-16711681,-2.56,-1,2.55,-1,-0.01,65535
100.10,2120,-0.01,255,16777215,2.55,16776960,0.00,-16777216,-2.56,-65281,-0.01,-1,-0.01,-1,-2.56,255,-0.01,-256,-0.01,255
100.10,2423,-0.01,-1,-1,-0.01,-1,-0.01,16777215,-0.01,-16777216,-0.01,-1,-0.01,-256,-0.01,-1,-0.01,-1,-0.01,65535
100.10,3332,-0.01,-1,-1,-0.01,-65281,-0.01,-1,-0.01,-65281,-0.01,-256,-0.01,-1,-0.01,16777215,-0.01,-65281,-0.01,65535
100.10,3635,-0.01,-1,-1,-0.01,-1,-0.01,-1,-0.01,-1,-0.01,-1,-0.01,-1,-0.01,-1,-0.01,-1,-0.01,65535
100.10,3938,-0.01,-1,-1,-0.01,-1,-0.01,-1,-0.01,-1,-0.01,-1,-0.01,-1,-0.01,-1,-0.01,-1,-0.01,65535
100.10,4241,-0.01,-1,-1,-0.01,-1,-0.01,-1,-0.01,-1,-0.01,-1,-0.01,-1,-0.01,-1,-0.01,-1,-0.01,65535
100.10,4544,-0.01,-1,-1,-0.01,-1,-0.01,-1,-0.01,-1,-0.01,-1,-0.01,-1,-0.01,-1,-0.01,-1,-0.01,65535
100.10,5150,-0.01,-1,-1,-0.01,-1,-0.01,-1,-0.01,-1,-0.01,-1,-0.01,-1,-0.01,-1,-0.01,-1,-0.01,65535
100.10,5453,-0.01,-1,-1,-0.01,-1,-0.01,-1,-0.01,-1,-0.01,-1,-0.01,-1,-0.01,-1,-0.01,-1,-0.01,65535
100.10,5756,-0.01,-1,-1,-0.01,-1,-0.01,-1,-0.01,-1,-0.01,-1,-0.01,-1,-0.01,-1,-0.01,-1,0.00,65535
100.10,1498080265,12.69,24,209753,6.68,106252,9.67,170743,9.86,169134,14.72,182785,8.38,212903,7.53,-39640000,0.00,-39640000,0.00,1
100.10,1498080593,12.73,19,211171,6.77,104552,9.30,170893,9.12,169305,14.54,182991,8.19,213128,7.53,-39610000,0.00,-39600000,0.00,2
100.10,1498080916,12.73,19,210932,6.58,100458,8.93,170873,8.66,169301,14.45,183005,8.00,213139,7.72,-39590000,0.00,-39620000,0.00,3
100.10,1498081239,12.74,18,210921,6.49,97877,8.66,170952,8.38,169371,14.19,183050,7.44,213186,7.53,-39600000,0.00,-39620000,0.00,4
100.10,1498081562,12.74,19,210564,6.10,98329,8.28,170676,8.28,169124,13.83,182769,7.63,212848,6.96,-39630000,0.00,-39630000,0.00,5
100.10,1498081885,12.74,20,210340,5.72,98238,7.81,170503,8.19,168968,13.30,182581,7.06,212637,6.39,-39590000,0.00,-39580000,0.00,6
100.10,1498082208,12.74,21,210254,5.53,98744,8.19,170399,7.91,168888,12.94,182473,6.68,212512,5.91,-39600000,0.00,-39630000,0.00,7
100.10,1498082531,12.74,21,210076,5.23,98777,8.19,170343,7.53,168838,12.49,182406,6.39,212443,5.62,-39610000,0.00,-39580000,0.00,8
100.10,1498082855,12.74,21,209751,5.14,99562,7.81,170302,7.34,168811,12.13,182364,6.10,212392,5.33,-39570000,0.00,-39610000,0.00,9
100.10,1498083178,12.74,21,209639,4.94,98766,7.25,170274,7.44,168795,12.13,182340,5.82,212360,5.23,-39640000,0.00,-39660000,0.00,10
100.10,1498083501,12.74,21,209461,4.84,98531,6.87,170268,7.34,168801,12.22,182337,5.91,212360,5.14,-39630000,0.00,-39600000,0.00,11
100.10,1498083824,12.74,21,209360,4.75,98096,6.68,170272,7.25,168810,12.22,182345,5.91,212373,5.23,-39620000,0.00,-39610000,0.00,12
100.10,1498084148,12.74,21,209267,4.65,97865,6.49,170283,7.15,168820,12.13,182350,5.62,212385,5.14,-39610000,0.00,-39590000,0.00,13
100.10,1498084794,12.74,21,209250,4.55,97696,6.39,170342,7.15,168896,12.13,182424,5.53,212469,4.94,-39630000,0.00,-39630000,0.00,15
100.10,1498085117,12.74,21,209090,4.45,97549,6.20,170368,7.06,168924,11.77,182451,5.23,212510,4.84,-39620000,0.00,-39610000,0.00,16
100.10,1498085440,12.74,20,209104,4.35,98282,6.10,170402,6.96,168966,11.59,182485,5.14,212549,4.75,-39630000,0.00,-39640000,0.00,17
100.10,1498085764,12.74,20,209788,4.35,98564,6.01,170440,6.87,169007,11.41,182530,5.04,212598,4.65,-39660000,0.00,-39680000,0.00,18
100.10,1498086087,12.74,20,209661,4.25,98125,5.82,170489,6.68,169055,11.14,182577,4.84,212655,4.55,-39650000,0.00,-39630000,0.00,19
100.10,1498086410,12.74,20,209454,4.16,97688,5.62,170518,6.49,169089,10.95,182608,4.75,212692,4.45,-39650000,0.00,-39630000,0.00,20
100.10,1498086733,12.73,20,209403,4.16,98377,5.43,170541,6.30,169112,10.86,182633,4.65,212724,4.35,-39610000,0.00,-39570000,0.00,21
100.10,1498087056,12.74,20,209323,4.06,97691,5.23,170574,6.20,169154,10.68,182671,4.55,212770,4.25,-39610000,0.00,-39650000,0.00,22
100.10,1498087379,12.73,20,209319,3.96,98480,5.04,170611,6.01,169196,10.59,182711,4.45,212815,4.25,-39650000,0.00,-39620000,0.00,23
100.10,1498087702,12.73,19,210151,3.86,97474,4.94,170682,5.91,169272,10.41,182794,4.35,212936,4.16,-39630000,0.00,-39680000,0.00,24
100.10,1498088025,12.74,17,210507,3.76,98073,4.75,171005,5.82,169592,10.32,183139,4.55,213349,4.06,-39610000,0.00,-39620000,0.00,25
100.10,1498088348,12.73,15,210578,3.66,97893,4.65,171380,5.72,169962,10.22,183538,4.35,213823,3.86,-39630000,0.00,-39590000,0.00,26
100.10,1498088671,12.73,13,210727,3.66,99244,4.55,171728,5.43,170303,10.13,183896,4.25,214241,3.76,-39620000,0.00,-39600000,0.00,27
100.10,1498088993,12.73,11,211768,3.76,98186,4.84,172002,5.23,170574,10.13,184184,4.06,214582,3.96,-39630000,0.00,-39620000,0.00,28
100.10,1498089316,12.73,11,211773,3.86,98699,4.84,172210,5.23,170781,10.04,184405,3.96,214835,3.86,-39690000,0.00,-39620000,0.00,29
100.10,1498089638,12.73,10,211433,3.96,98537,5.14,172346,5.33,170915,10.04,184544,4.06,215000,3.96,-39660000,0.00,-39680000,0.00,30
100.10,1498089960,12.71,10,211560,3.86,99205,4.84,172448,5.23,171020,9.95,184651,4.06,215123,3.86,-39710000,0.00,-39710000,0.00,31
100.10,1498090282,12.71,10,211311,3.66,98867,4.45,172421,5.23,170988,9.86,184614,4.16,215065,3.76,-39630000,0.00,-39660000,0.00,32
100.10,1498090605,12.73,11,211753,3.66,100731,4.25,172307,5.33,170870,9.86,184482,4.16,214901,3.76,-39660000,0.00,-39640000,0.00,33
100.10,1498090927,12.73,13,210884,3.76,97956,4.75,172040,5.72,170605,10.04,184195,4.45,214564,3.96,-39680000,0.00,-39630000,0.00,34
100.10,1498091250,12.71,13,211072,3.96,98720,5.72,171962,5.91,170540,10.22,184137,4.55,214507,4.16,-39650000,0.00,-39660000,0.00,35
100.10,1498091572,12.71,13,211408,4.35,98973,6.01,171999,5.72,170575,10.32,184176,4.45,214554,4.35,-39700000,0.00,-39680000,0.00,36
100.10,1498091895,12.71,12,211725,4.35,99041,6.10,172093,5.43,170673,10.32,184284,4.35,214682,4.35,-39680000,0.00,-39650000,0.00,37
100.10,1498092217,12.71,11,211826,4.16,99359,5.72,172258,5.14,170835,10.22,184455,4.16,214895,4.25,-39650000,0.00,-39670000,0.00,38
100.10,1498092539,12.71,10,211913,4.06,98918,5.43,172430,4.94,171003,10.04,184636,3.96,215101,4.06,-39720000,0.00,-39680000,0.00,39
100.10,1498092862,12.71,9,211793,3.86,98965,4.94,172574,4.84,171156,9.86,184794,3.86,215293,3.86,-39660000,0.00,-39630000,0.00,40
100.10,1498093184,12.71,9,211689,3.66,100156,4.55,172708,4.75,171281,9.76,184923,3.86,215438,3.66,-39700000,0.00,-39660000,0.00,41
100.10,1498093506,12.71,8,212591,3.56,98832,4.45,172783,4.75,171359,9.67,185003,3.76,215533,3.66,-39710000,0.00,-39680000,0.00,42
100.10,1498093829,12.69,8,212079,3.56,98915,4.65,172820,4.75,171395,9.76,185038,3.96,215567,3.66,-39720000,0.00,-39690000,0.00,43
100.10,1498094151,12.71,8,211777,3.56,101182,4.75,172815,4.84,171392,9.86,185031,4.16,215549,3.76,-39690000,0.00,-39720000,0.00,44
100.10,1498094473,12.69,8,211716,3.66,98940,5.33,172785,4.94,171362,10.04,185007,4.35,215523,3.86,-39680000,0.00,-39700000,0.00,45
100.10,1498094795,12.69,8,211658,3.66,101628,5.53,172762,5.14,171341,10.32,184983,4.45,215490,3.96,-39710000,0.00,-39700000,0.00,46
100.10,1498095117,12.69,9,211647,3.66,99933,5.62,172748,5.23,171327,10.32,184966,4.55,215472,3.96,-39730000,0.00,-39690000,0.00,47
100.10,1498095440,12.69,9,211633,3.76,100364,5.82,172747,5.14,171319,10.50,184965,4.65,215466,4.16,-39720000,0.00,-39690000,0.00,48
100.10,1498095762,12.69,9,211582,3.76,100212,5.72,172741,5.33,171318,10.59,184960,4.55,215456,4.06,-39730000,0.00,-39730000,0.00,49
100.10,1498096084,12.71,9,213239,3.66,100731,5.33,172744,5.53,171318,10.68,184957,4.45,215463,3.96,-39690000,0.00,-39690000,0.00,50
100.10,1498096406,12.69,9,212611,3.66,99100,5.14,172748,5.43,171318,10.86,184969,4.65,215468,4.25,-39690000,0.00,-39720000,0.00,51
100.10,1498096728,12.69,9,212344,3.76,98855,5.14,172751,5.53,171329,10.86,184973,4.65,215474,4.35,-39710000,0.00,-39690000,0.00,52
100.10,1498097051,12.69,9,212174,3.66,98933,5.23,172740,5.53,171319,10.86,184960,4.45,215465,4.25,-39730000,0.00,-39700000,0.00,53
100.10,1498097373,12.69,9,212057,3.66,99294,5.14,172718,5.53,171297,10.86,184944,4.45,215437,4.16,-39730000,0.00,-39690000,0.00,54
100.10,1498097695,12.69,9,212006,3.66,99086,5.62,172709,5.33,171299,10.86,184934,4.55,215433,4.06,-39730000,0.00,-39710000,0.00,55
100.10,1498098017,12.68,9,212039,3.76,99828,5.82,172737,4.94,171322,10.68,184964,4.55,215464,4.06,-39720000,0.00,-39740000,0.00,56
100.10,1498098339,12.68,9,212062,3.66,100697,5.62,172788,4.75,171377,10.50,185016,4.35,215532,3.86,-39780000,0.00,-39750000,0.00,57
100.10,1498098984,12.68,8,211882,3.56,99248,5.14,172899,4.55,171488,10.22,185136,4.16,215669,3.66,-39700000,0.00,-39740000,0.00,59
100.10,1498099306,12.69,8,211879,3.46,100485,4.84,172940,4.75,171533,10.13,185174,3.96,215720,3.56,-39730000,0.00,-39690000,0.00,60
100.10,1498099628,12.68,8,211803,3.36,100330,4.65,172982,4.65,171579,9.95,185219,3.86,215771,3.46,-39760000,0.00,-39740000,0.00,61
100.10,1498099950,12.68,7,211858,3.36,99350,4.55,173025,4.45,171624,9.76,185262,3.76,215825,3.36,-39660000,0.00,-39690000,0.00,62
100.10,1498100274,12.66,7,211872,3.16,98863,4.16,173089,4.35,171694,9.76,185331,3.46,215910,3.26,-39770000,0.00,-39720000,0.00,63
100.10,1498100596,12.68,7,211762,3.16,99153,4.16,173158,4.16,171759,9.76,185399,3.46,215990,3.26,-39750000,0.00,-39750000,0.00,64
100.10,1498100918,12.68,6,211934,3.06,99490,3.86,173215,4.06,171821,9.58,185458,3.26,216066,3.16,-39770000,0.00,-39760000,0.00,65
100.10,1498101240,12.68,6,211889,2.96,100143,3.56,173292,3.86,171898,9.40,185541,3.06,216159,2.96,-39840000,0.00,-39750000,0.00,66
100.10,1498101562,12.68,5,212522,2.85,99854,3.26,173359,3.66,171968,9.30,185609,2.96,216244,2.96,-39830000,0.00,-39690000,0.00,67
100.10,1498101884,12.68,5,212302,2.75,99903,3.06,173422,3.56,172034,9.21,185675,2.96,216325,2.85,-39720000,0.00,-39700000,0.00,68
100.10,1498102206,12.68,5,212087,2.75,100024,3.06,173457,3.46,172070,9.30,185722,3.06,216362,2.85,-39760000,0.00,-39740000,0.00,69
100.10,1498102528,12.66,5,212054,2.65,99919,3.06,173482,3.46,172097,9.40,185745,2.85,216390,2.96,-39760000,0.00,-39760000,0.00,70
100.10,1498102850,12.66,5,212894,2.65,99122,2.96,173511,3.46,172130,9.30,185774,2.65,216437,2.96,-39780000,0.00,-39750000,0.00,71
100.10,1498103172,12.66,5,212657,2.65,98764,2.96,173554,3.36,172168,9.30,185813,2.55,216478,2.85,-39820000,0.00,-39730000,0.00,72
100.10,1498103494,12.66,6,212474,2.65,98867,2.96,173541,3.36,172160,9.21,185793,2.55,216453,2.75,-39820000,0.00,-39720000,0.00,73
100.10,1498103816,12.66,7,212293,2.55,99405,2.85,173469,3.36,172092,9.12,185716,2.55,216357,2.65,-39760000,0.00,-39770000,0.00,74
100.10,1498104138,12.66,8,212153,2.55,99910,2.75,173374,3.36,171998,8.93,185616,2.55,216242,2.55,-39780000,0.00,-39730000,0.00,75
100.10,1498104460,12.66,9,211987,2.55,98490,2.65,173258,3.36,171885,8.75,185496,2.45,216090,2.55,-39780000,0.00,-39780000,0.00,76
100.10,1498105105,12.66,10,211465,2.45,98898,2.45,173066,3.26,171697,8.56,185289,2.35,215848,2.45,-39740000,0.00,-39760000,0.00,78
100.10,1498105427,12.66,11,212051,2.35,99514,2.35,172923,3.16,171559,8.47,185136,2.24,215662,2.45,-39750000,0.00,-39690000,0.00,79
100.10,1498105750,12.66,12,211668,2.24,99539,2.35,172800,3.16,171441,8.47,185005,2.14,215509,2.35,-39690000,0.00,-39690000,0.00,80
100.10,1498106072,12.66,13,211255,2.24,99072,2.24,172674,3.06,171319,8.38,184870,2.04,215358,2.14,-39730000,0.00,-39720000,0.00,81
100.10,1498106395,12.66,14,211031,2.14,99232,2.24,172567,3.06,171215,8.28,184756,1.94,215216,2.14,-39730000,0.00,-39710000,0.00,82
100.10,1498106718,12.66,14,210757,2.14,99238,2.24,172464,3.06,171114,8.38,184648,2.04,215090,2.14,-39740000,0.00,-39740000,0.00,83
100.10,1498107040,12.66,15,211427,2.24,100537,2.35,172376,3.36,171023,8.38,184555,2.14,214985,2.14,-39760000,0.00,-39730000,0.00,84
100.10,1498107363,12.66,15,211052,2.24,101303,2.45,172302,3.46,170955,8.66,184476,2.24,214887,2.24,-39710000,0.00,-39710000,0.00,85
100.10,1498107686,12.66,15,210840,2.24,100375,2.45,172219,3.46,170869,8.66,184388,2.24,214782,2.45,-39750000,0.00,-39750000,0.00,86
100.10,1498108009,12.66,16,210681,2.24,101012,2.55,172131,3.46,170784,8.75,184296,2.24,214674,2.45,-39710000,0.00,-39710000,0.00,87
100.10,1498108331,12.66,16,210570,2.24,100536,2.55,172050,3.46,170700,8.84,184205,2.35,214571,2.55,-39730000,0.00,-39670000,0.00,88
100.10,1498108654,12.66,17,210450,2.24,101200,2.55,171966,3.46,170619,8.84,184115,2.24,214465,2.55,-39740000,0.00,-39730000,0.00,89
100.10,1498108977,12.66,17,210334,2.24,101445,2.55,171888,3.56,170550,8.84,184038,2.24,214375,2.65,-39740000,0.00,-39690000,0.00,90
100.10,1498109300,12.66,18,210214,2.24,100577,2.55,171816,3.76,170479,8.84,183960,2.35,214280,2.65,-39720000,0.00,-39720000,0.00,91
100.10,1498109623,12.66,18,210096,2.24,102491,2.65,171744,3.86,170407,8.84,183894,2.45,214218,2.65,-39770000,0.00,-39660000,0.00,92
100.10,1498109946,12.66,15,210415,2.24,100335,2.65,171941,3.86,170607,8.84,184109,2.45,214474,2.75,-39710000,0.00,-39720000,0.00,93
100.10,1498110269,12.66,13,210466,2.35,101705,2.75,172114,3.96,170773,8.84,184284,2.55,214674,2.75,-39770000,0.00,-39720000,0.00,94
100.10,1498110591,12.66,12,211240,2.45,100715,2.75,172201,4.06,170860,8.84,184371,2.65,214768,2.75,-39770000,0.00,-39710000,0.00,95
100.10,1498110914,12.66,12,211046,2.45,101628,2.85,172202,4.25,170859,8.75,184376,2.85,214764,2.75,-39730000,0.00,-39730000,0.00,96
100.10,1498111236,12.66,12,211019,2.55,101071,2.96,172189,4.25,170844,8.75,184357,2.96,214742,2.75,-39700000,0.00,-39710000,0.00,97
100.10,1498111559,12.66,12,210959,2.55,102471,3.06,172144,4.35,170801,8.75,184310,2.96,214680,2.75,-39750000,0.00,-39690000,0.00,98
100.10,1498111881,12.66,13,210708,2.55,104187,3.06,172032,4.35,170688,8.75,184191,3.06,214529,2.75,-39750000,0.00,-39730000,0.00,99
100.10,1498112204,12.66,14,210517,2.65,100322,3.16,171867,4.55,170523,8.75,184014,3.06,214315,2.75,-39700000,0.00,-39690000,0.00,100
100.10,1498112526,12.66,15,210380,2.65,102715,3.26,171696,4.65,170353,8.75,183830,3.16,214108,2.75,-39730000,0.00,-39720000,0.00,101
100.10,1498112849,12.66,15,210294,2.65,103026,3.36,171571,4.75,170230,8.84,183703,3.16,213960,2.75,-39730000,0.00,-39680000,0.00,102
100.10,1498113172,12.68,16,210225,2.75,100909,3.56,171482,4.75,170145,8.93,183616,3.26,213855,2.85,-39750000,0.00,-39720000,0.00,103
100.10,1498113495,12.66,16,210090,2.75,101567,3.76,171413,4.84,170076,8.93,183541,3.36,213769,2.85,-39710000,0.00,-39730000,0.00,104
100.10,1498113817,12.68,16,210057,2.85,104694,3.86,171347,4.84,170005,9.03,183467,3.36,213681,2.96,-39710000,0.00,-39740000,0.00,105
100.10,1498114140,12.66,16,209913,2.85,104291,4.06,171264,4.94,169921,9.03,183377,3.46,213571,2.96,-39730000,0.00,-39690000,0.00,106
100.10,1498114463,12.66,17,209875,2.85,105436,4.16,171191,4.94,169844,9.12,183300,3.46,213482,2.96,-39730000,0.00,-39690000,0.00,107
100.10,1498114786,12.68,17,209891,2.85,103141,4.45,171160,5.04,169814,9.21,183270,3.46,213447,2.96,-39670000,0.00,-39720000,0.00,108
100.10,1498115109,12.68,18,209501,2.85,105692,4.35,171018,4.94,169674,9.12,183114,3.36,213261,2.85,-39750000,0.00,-39710000,0.00,109
100.10,1498115432,12.68,19,209284,2.75,102116,4.25,170859,4.94,169517,9.12,182944,3.26,213066,2.85,-39680000,0.00,-39720000,0.00,110
100.10,1498115755,12.68,19,209319,2.75,106121,4.16,170809,4.84,169461,9.03,182877,3.26,212978,2.75,-39690000,0.00,-39710000,0.00,111
100.10,1498116078,12.68,21,209396,2.75,105323,3.96,170474,4.84,169123,9.03,182508,3.16,212526,2.75,-39750000,0.00,-39710000,0.00,112
100.10,1498116402,12.68,24,208724,2.75,104790,4.55,170064,4.94,168707,9.03,182074,3.36,212015,2.75,-39730000,0.00,-39700000,0.00,113
100.10,1498116725,12.68,26,208314,2.85,107411,5.14,169728,5.14,168388,9.30,181749,3.46,211652,2.85,-39760000,0.00,-39690000,0.00,114
100.10,1498117049,12.68,27,207959,2.85,102180,5.04,169543,5.33,168201,9.40,181563,3.56,211433,2.96,-39690000,0.00,-39730000,0.00,115
100.10,1498117373,12.69,27,208300,2.85,112764,4.84,169576,5.33,168226,9.58,181606,3.56,211492,2.96,-39750000,0.00,-39740000,0.00,116
100.10,1498117696,12.69,24,208925,2.85,103672,4.75,169902,5.23,168554,9.58,181962,3.56,211914,2.85,-39710000,0.00,-39750000,0.00,117
100.10,1498118020,12.68,22,209089,2.75,102928,4.45,170200,4.94,168851,9.30,182266,3.26,212275,2.75,-39740000,0.00,-39690000,0.00,118
100.10,1498118343,12.69,21,208797,2.65,103850,4.16,170307,4.65,168944,9.12,182353,3.06,212366,2.65,-39740000,0.00,-39700000,0.00,119
100.10,1498118666,12.69,21,208602,2.55,103521,3.96,170309,4.55,168944,9.03,182349,2.96,212366,2.55,-39750000,0.00,-39690000,0.00,120
100.10,1498118990,12.69,22,208451,2.55,100561,3.86,170232,4.55,168862,8.93,182261,2.96,212254,2.55,-39740000,0.00,-39740000,0.00,121
100.10,1498119313,12.68,23,208932,2.55,100711,3.96,170042,4.55,168666,8.93,182050,2.96,211991,2.55,-39710000,0.00,-39700000,0.00,122
100.10,1498119637,12.69,25,208143,2.55,99533,4.06,169715,4.75,168340,8.93,181705,3.06,211587,2.55,-39720000,0.00,-39690000,0.00,123
100.10,1498119960,12.69,26,207981,2.65,103787,4.55,169479,4.84,168107,9.03,181471,3.16,211316,2.65,-39690000,0.00,-39650000,0.00,124
100.10,1498120284,12.69,26,208156,3.16,105913,6.39,169439,5.33,168057,9.40,181429,3.26,211266,3.46,-39700000,0.00,-39720000,0.00,125
100.10,1498120608,12.69,26,207938,3.26,101506,5.91,169311,5.33,167916,9.30,181278,3.26,211087,3.26,-39710000,0.00,-39740000,0.00,126
100.10,1498120931,12.69,27,207550,3.16,101914,5.53,169109,5.62,167711,9.30,181063,3.36,210822,3.16,-39680000,0.00,-39670000,0.00,127
100.10,1498121255,12.69,27,207486,3.16,110727,5.14,168928,5.72,167537,9.30,180888,3.46,210621,2.96,-39700000,0.00,-39700000,0.00,128
100.10,1498121579,12.69,28,207491,3.26,106618,5.72,168857,6.01,167464,9.40,180821,3.56,210549,3.16,-39720000,0.00,-39720000,0.00,129
100.10,1498121903,12.69,27,207431,3.56,106455,6.10,168789,5.82,167386,9.40,180736,3.56,210438,3.26,-39750000,0.00,-39710000,0.00,130
100.10,1498122227,12.71,28,207411,3.86,106761,6.77,168691,6.20,167280,9.58,180634,3.76,210328,3.76,-39730000,0.00,-39700000,0.00,131
100.10,1498122551,12.71,28,207735,4.55,109282,8.19,168628,6.39,167220,9.86,180584,4.06,210261,4.45,-39670000,0.00,-39670000,0.00,132
100.10,1498122875,12.71,28,207662,4.45,120069,7.72,168533,6.30,167118,9.86,180476,4.06,210129,3.96,-39650000,0.00,-39680000,0.00,133
100.10,1498123199,12.71,29,207312,3.96,109252,6.77,168400,6.20,166978,9.86,180329,3.96,209966,3.66,-39670000,0.00,-39650000,0.00,134
100.10,1498123523,12.71,30,206981,3.76,118930,6.77,168295,6.58,166869,9.95,180215,3.96,209836,3.56,-39680000,0.00,-39670000,0.00,135
100.10,1498123847,12.71,30,207444,4.84,106744,8.84,168236,6.68,166801,10.32,180158,4.16,209771,4.06,-39690000,0.00,-39680000,0.00,136
100.10,1498124171,12.71,30,207302,4.45,121234,8.84,168196,6.58,166756,10.50,180123,4.16,209731,4.16,-39700000,0.00,-39670000,0.00,137
100.10,1498124495,12.71,30,207129,4.45,105430,8.56,168166,6.96,166721,10.41,180092,4.25,209686,4.25,-39660000,0.00,-39710000,0.00,138
100.10,1498124819,12.71,30,206911,4.16,126125,8.10,168084,7.06,166632,10.41,180006,4.25,209589,4.16,-39670000,0.00,-39680000,0.00,139
100.10,1498125143,12.71,30,206950,4.55,107776,8.84,168025,7.15,166573,10.41,179946,4.35,209521,4.55,-39650000,0.00,-39680000,0.00,140
100.10,1498125467,12.71,29,207157,4.25,111406,8.19,168039,6.96,166567,10.22,179956,4.35,209546,4.45,-39680000,0.00,-39650000,0.00,141
100.10,1498125791,12.71,28,208170,5.82,106513,9.86,168224,7.15,166756,10.95,180195,4.84,209848,5.82,-39700000,0.00,-39700000,0.00,142
100.10,1498126115,12.73,28,207512,5.23,107401,9.40,168257,6.96,166776,10.77,180207,4.75,209830,5.14,-39720000,0.00,-39670000,0.00,143
100.10,1498126439,12.73,29,207369,4.94,103037,9.21,168118,7.34,166631,10.77,180048,4.75,209652,5.53,-39700000,0.00,-39680000,0.00,144
100.10,1498126763,12.73,29,206883,4.75,108523,8.93,167960,7.34,166467,10.77,179878,4.94,209445,5.04,-39680000,0.00,-39670000,0.00,145
100.10,1498127087,12.73,31,206511,4.45,105164,8.66,167772,8.19,166278,10.95,179697,5.04,209245,4.84,-39680000,0.00,-39730000,0.00,146
100.10,1498127412,12.73,31,206453,4.75,113920,9.40,167695,8.28,166184,11.14,179607,5.23,209132,5.33,-39720000,0.00,-39690000,0.00,147
100.10,1498127736,12.73,31,206362,5.14,104864,10.41,167528,8.84,166008,11.32,179431,5.53,208934,6.01,-39700000,0.00,-39710000,0.00,148
100.10,1498128060,12.73,31,207876,6.58,113673,11.86,167628,8.84,166113,12.13,179593,6.39,209135,6.96,-39680000,0.00,-39720000,0.00,149
100.10,1498128384,12.73,30,207503,6.30,116881,11.59,167613,8.66,166065,11.95,179536,6.30,209065,6.68,-39710000,0.00,-39670000,0.00,150
100.10,1498128709,12.73,31,207744,6.87,111367,12.31,167527,9.40,165973,12.49,179459,6.49,208987,7.53,-39680000,0.00,-39680000,0.00,151
100.10,1498129033,12.73,31,208405,8.00,107035,13.03,167457,9.30,165893,13.12,179397,6.96,208909,8.28,-39660000,0.00,-39680000,0.00,152
100.10,1498129357,12.73,30,209373,8.38,116900,12.85,167559,9.12,166009,13.30,179532,7.06,209086,7.72,-39690000,0.00,-39660000,0.00,153
100.10,1498129681,12.73,31,208733,8.10,112513,12.76,167529,8.84,165959,13.56,179475,7.15,209008,7.15,-39680000,0.00,-39670000,0.00,154
100.10,1498130005,12.74,31,208604,7.81,144189,12.58,167451,8.56,165888,13.30,179415,6.96,208942,6.49,-39710000,0.00,-39700000,0.00,155
100.10,1498130330,12.73,32,207941,6.87,109436,12.22,167341,8.56,165759,13.21,179271,7.15,208770,6.77,-39700000,0.00,-39700000,0.00,156
100.10,1498130654,12.73,32,207666,6.96,107063,12.76,167254,8.75,165671,13.65,179194,7.72,208667,6.49,-39720000,0.00,-39680000,0.00,157
100.10,1498130979,12.73,33,208069,8.66,107782,13.83,167165,10.04,165544,14.63,179095,8.56,208557,8.28,-39700000,0.00,-39690000,0.00,158
100.10,1498131303,12.74,33,209418,10.50,107413,14.28,167174,10.59,165581,15.07,179211,9.03,208743,9.30,-39690000,0.00,-39670000,0.00,159
100.10,1498131627,12.73,30,211176,9.86,103547,13.21,167629,9.76,166003,14.63,179647,8.19,209261,9.49,-39680000,0.00,-39660000,0.00,160
100.10,1498131951,12.73,30,210134,9.76,103026,13.47,167545,9.67,165902,14.37,179507,8.38,209069,8.84,-39680000,0.00,-39700000,0.00,161
100.10,1498132275,12.74,31,209650,9.03,101062,13.56,167339,10.13,165674,14.28,179311,8.75,208848,9.40,-39690000,0.00,-39690000,0.00,162
100.10,1498132600,12.74,30,210390,9.40,101461,13.74,167525,10.50,165869,14.63,179534,9.03,209132,9.67,-39700000,0.00,-39710000,0.00,163
100.10,1498132924,12.74,28,211844,9.12,101479,13.03,167876,9.76,166184,14.28,179860,8.38,209516,9.03,-39680000,0.00,-39690000,0.00,164
100.10,1498133247,12.73,29,209581,8.66,112316,13.12,167662,10.59,165963,14.28,179643,9.03,209273,9.58,-39740000,0.00,-39690000,0.00,165
100.10,1498133572,12.73,29,209039,8.38,101443,13.47,167487,10.86,165783,14.19,179460,9.49,209036,8.84,-39740000,0.00,-39720000,0.00,166
100.10,1498133896,12.74,30,208896,8.38,100764,13.38,167300,10.59,165598,14.28,179276,9.86,208796,8.28,-39720000,0.00,-39680000,0.00,167
100.10,1498134220,12.74,31,208860,9.03,107949,13.83,167152,11.14,165438,14.72,179130,10.32,208643,9.58,-39830000,0.00,-39740000,0.00,168
100.10,1498134544,12.74,31,209836,10.32,101717,14.63,167120,11.32,165398,15.34,179117,10.86,208621,9.58,-39710000,0.00,-39760000,0.00,169
100.10,1498134869,12.73,31,210081,9.86,101673,14.54,167110,11.41,165378,15.25,179112,10.41,208657,10.68,-39730000,0.00,-39730000,0.00,170
100.10,1498135193,12.74,31,209738,9.12,115074,14.10,167110,12.31,165367,14.99,179102,9.76,208650,10.68,-39730000,0.00,-39720000,0.00,171
100.10,1498135517,12.74,31,209745,9.12,103739,14.28,167066,12.76,165304,14.99,179047,9.67,208592,10.77,-39720000,0.00,-39740000,0.00,172
100.10,1498135841,12.74,31,210488,10.13,103633,15.34,167007,13.03,165242,15.43,179007,9.95,208563,12.04,-39760000,0.00,-39720000,0.00,173
100.10,1498136166,12.74,31,211314,10.50,108156,15.34,167074,12.94,165294,15.60,179094,10.32,208661,11.41,-39710000,0.00,-39740000,0.00,174
100.10,1498136490,12.74,29,213354,9.49,102156,14.01,167538,11.59,165763,15.07,179576,9.30,209256,10.41,-39700000,0.00,-39690000,0.00,175
100.10,1498136814,12.74,30,210267,9.30,102353,14.45,167311,11.95,165512,14.81,179280,9.30,208864,10.22,-39730000,0.00,-39720000,0.00,176
100.10,1498137138,12.74,31,210062,9.86,105100,14.81,167084,12.85,165266,15.25,179036,9.76,208606,10.59,-39740000,0.00,-39750000,0.00,177
100.10,1498137462,12.74,31,211097,11.50,104307,15.78,166980,12.76,165169,16.05,178963,10.22,208508,11.23,-39720000,0.00,-39730000,0.00,178
100.10,1498137786,12.74,32,211626,11.50,106063,15.96,166933,12.58,165118,16.22,178914,10.22,208438,11.23,-39780000,0.00,-39740000,0.00,179
100.10,1498138111,12.74,31,213413,11.32,102317,15.60,167153,12.31,165326,16.13,179191,9.86,208836,11.50,-39740000,0.00,-39720000,0.00,180
100.10,1498138435,12.73,28,214524,10.68,101821,14.37,167652,11.23,165804,15.60,179660,9.12,209380,11.04,-39720000,0.00,-39670000,0.00,181
100.10,1498138759,12.74,28,211819,10.32,101473,14.28,167673,10.86,165811,15.52,179671,9.21,209367,11.23,-39750000,0.00,-39750000,0.00,182
100.10,1498139083,12.74,29,211238,10.50,101983,15.07,167450,11.32,165579,15.52,179438,9.58,209094,11.50,-39700000,0.00,-39740000,0.00,183
100.10,1498139407,12.73,29,212109,12.13,102346,15.78,167335,11.77,165469,16.31,179373,10.13,209063,11.59,-39740000,0.00,-39710000,0.00,184
100.10,1498139731,12.74,28,213491,12.40,101852,15.16,167551,11.23,165672,16.40,179562,9.86,209245,11.14,-39710000,0.00,-39720000,0.00,185
100.10,1498140055,12.74,30,212270,11.59,102318,15.43,167267,11.50,165374,16.22,179241,9.86,208857,10.95,-39740000,0.00,-39770000,0.00,186
100.10,1498140379,12.74,31,211224,10.50,102189,15.43,167049,11.50,165150,16.22,179021,9.95,208604,10.95,-39760000,0.00,-39740000,0.00,187
100.10,1498140703,12.74,32,211699,12.58,103399,16.84,166833,12.49,164929,17.10,178825,10.77,208411,12.85,-39750000,0.00,-39720000,0.00,188
100.10,1498141028,12.74,30,215273,12.94,102628,15.96,167197,11.95,165288,17.02,179236,10.50,208930,12.31,-39730000,0.00,-39750000,0.00,189
100.10,1498141352,12.74,28,215493,12.04,101656,14.99,167525,11.04,165568,16.84,179511,10.04,209214,11.41,-39720000,0.00,-39720000,0.00,190
100.10,1498141676,12.74,30,212004,12.40,106239,16.05,167165,11.50,165227,16.84,179145,10.32,208752,11.41,-39770000,0.00,-39730000,0.00,191
100.10,1498142000,12.73,31,211749,12.58,102325,16.40,166842,12.22,164881,17.10,178796,10.68,208346,12.13,-39770000,0.00,-39760000,0.00,192
100.10,1498142324,12.74,32,212214,12.58,102365,16.93,166740,12.94,164793,17.28,178761,10.95,208356,13.38,-39790000,0.00,-39770000,0.00,193
100.10,1498142649,12.74,29,214681,11.59,101672,15.78,167169,12.85,165192,16.93,179198,10.59,208918,12.58,-39730000,0.00,-39730000,0.00,194
100.10,1498142973,12.74,29,212350,12.76,101890,16.40,167198,12.67,165195,17.28,179229,11.14,208976,13.74,-39770000,0.00,-39710000,0.00,195
100.10,1498143297,12.73,29,212103,13.12,101727,16.66,167117,12.67,165107,17.28,179138,11.23,208862,14.01,-39750000,0.00,-39750000,0.00,196
100.10,1498143621,12.74,30,212877,12.67,101952,16.75,167035,13.30,164966,17.28,179003,11.41,208687,14.28,-39740000,0.00,-39730000,0.00,197
100.10,1498143945,12.74,30,213383,12.85,101967,16.93,167018,13.30,164964,17.45,179070,11.50,208863,14.37,-39750000,0.00,-39740000,0.00,198
100.10,1498144269,12.74,28,215267,11.68,101828,15.43,167505,13.03,165422,17.02,179544,10.95,209387,12.58,-39760000,0.00,-39690000,0.00,199
100.10,1498144593,12.73,25,213475,10.86,101518,14.28,167885,12.85,165772,16.58,179908,10.22,209770,11.14,-39740000,0.00,-39700000,0.00,200
100.10,1498144916,12.73,26,212142,10.59,100680,14.37,167839,12.58,165749,16.31,179903,10.04,209779,11.41,-39720000,0.00,-39730000,0.00,201
100.10,1498145240,12.74,24,212524,10.04,100611,13.56,168136,11.50,166002,15.96,180132,9.49,210039,11.04,-39720000,0.00,-39740000,0.00,202
100.10,1498145564,12.73,24,211200,9.49,100226,13.38,168134,11.59,166012,15.60,180131,9.21,210014,10.86,-39740000,0.00,-39710000,0.00,203
100.10,1498145887,12.73,28,210777,10.68,100727,15.34,167337,13.65,165218,16.84,179363,11.23,209140,12.31,-39790000,0.00,-39770000,0.00,204
100.10,1498146211,12.73,27,213015,10.86,100875,15.07,167630,13.74,165490,16.93,179676,10.95,209533,11.59,-39720000,0.00,-39690000,0.00,205
100.10,1498146535,12.73,25,212648,10.32,100622,14.10,167977,12.76,165814,16.40,180021,10.22,209937,10.95,-39700000,0.00,-39740000,0.00,206
100.10,1498146858,12.73,24,212311,9.76,100459,13.47,168263,12.13,166120,15.87,180343,9.58,210322,10.32,-39750000,0.00,-39760000,0.00,207
100.10,1498147182,12.73,22,212210,9.12,99913,12.49,168631,11.68,166469,15.43,180701,8.93,210730,9.49,-39750000,0.00,-39710000,0.00,208
100.10,1498147505,12.73,22,211179,8.66,99769,12.13,168791,11.50,166626,15.16,180852,8.84,210898,9.21,-39750000,0.00,-39740000,0.00,209
100.10,1498147829,12.73,22,211325,8.38,100404,11.77,168911,11.32,166740,14.81,180976,8.75,211025,9.03,-39700000,0.00,-39760000,0.00,210
100.10,1498148152,12.73,21,212652,9.03,100030,12.22,169104,11.59,166908,15.25,181179,9.12,211286,9.30,-39740000,0.00,-39740000,0.00,211
100.10,1498148475,12.73,20,213239,9.12,100198,12.13,169358,11.41,167158,15.43,181455,9.12,211622,9.12,-39740000,0.00,-39710000,0.00,212
100.10,1498148798,12.71,19,213147,8.93,99975,11.77,169585,11.23,167369,15.34,181689,8.84,211874,8.75,-39740000,0.00,-39710000,0.00,213
100.10,1498149121,12.71,18,212981,8.56,99984,11.50,169772,11.14,167560,15.07,181878,8.56,212095,8.38,-39730000,0.00,-39700000,0.00,214
100.10,1498149444,12.71,18,212863,8.47,99942,11.32,169932,10.41,167723,14.81,182056,8.28,212301,8.66,-39730000,0.00,-39750000,0.00,215
100.10,1498149767,12.71,17,213146,8.84,99874,11.32,170066,9.49,167851,14.72,182206,8.19,212511,9.58,-39760000,0.00,-39680000,0.00,216
100.10,1498150090,12.71,16,213509,9.03,99918,11.23,170224,8.84,168004,14.72,182366,8.28,212726,9.86,-39710000,0.00,-39690000,0.00,217
100.10,132097,163.88,773,1812411142,123.99,606216,2.55,1076183577,0.00,271058726,0.00,-2010194903,0.00,1680878895,0.00,1111003191,0.00,306024252,0.00,515
100.10,603,8.10,135,1094,10.28,67109633,10.28,15335555,10.28,0,10.28,67372032,10.28,67372036,10.28,67372036,10.28,67372036,10.28,1032
100.10,1206,166.72,24950,1650551913,82.37,1409312108,294.40,1936026985,257.10,1886216564,0.32,1902473760,0.00,1953719669,0.00,1946165306,0.00,543518057,0.00,29285
100.10,1498751985,11.55,29,192187,11.95,182907,15.87,163501,16.75,160427,15.52,175975,12.31,205282,11.41,-916080000,0.00,-41190000,0.00,1
100.10,1498752644,11.60,30,191138,13.21,176395,17.72,162624,17.81,159320,16.31,174879,13.38,203960,12.22,-39870000,0.00,-39750000,0.00,2
